date,field,acres,acres_impacted,frac_max_acres,move_type,herd,cover,hay_cycle,graze_cycle,mow_cycle,impact_cycle,harvest_cycle,harvest_cycle0,regrowth_cycle,impact_period
2025-08-16T00:00:00Z,Barberry Woods,10.44,10.44,1,day_in,feeders,NA,0,1,0,1,1,1,0,2
2025-08-18T00:00:00Z,Barberry Woods,10.44,10.44,1,day_out,feeders,2544,0,1,0,1,1,1,1,2
2025-10-16T00:00:00Z,Barberry Woods,10.44,10.44,1,day_in,feeders,NA,0,2,0,2,2,2,1,3
2025-10-19T00:00:00Z,Barberry Woods,10.44,10.44,1,day_out,feeders,NA,0,2,0,2,2,2,2,3
2025-04-19T00:00:00Z,Briar,7.73,7.73,1,day_in,brood,1802,0,1,0,1,1,1,0,3
2025-04-22T00:00:00Z,Briar,7.73,7.73,1,day_out,brood,1522,0,1,0,1,1,1,1,3
2025-04-30T00:00:00Z,Briar,7.73,NA,NA,agroecology,NA,2491,0,1,0,1,1,1,1,NA
2025-05-12T00:00:00Z,Briar,7.73,NA,NA,agroecology,NA,2427.8,0,1,0,1,1,1,1,NA
2025-06-02T00:00:00Z,Briar,7.73,NA,NA,agroecology,NA,3423.2,0,1,0,1,1,1,1,NA
2025-06-11T00:00:00Z,Briar,7.73,NA,NA,agroecology,NA,3252,0,1,0,1,1,1,1,NA
2025-06-11T00:00:00Z,Briar,7.73,7,0.9055627425614489,hay_in,hay,3252,1,1,0,2,2,2,1,NA
2025-06-13T00:00:00Z,Briar,7.73,7,0.9055627425614489,hay_out,hay,2617.4,1,1,0,2,2,2,2,NA
2025-06-27T00:00:00Z,Briar,7.73,NA,NA,agroecology,NA,2617.4,1,1,0,2,2,2,2,NA
2025-07-11T00:00:00Z,Briar,7.73,NA,NA,agroecology,NA,2949.2,1,1,0,2,2,2,2,NA
2025-07-31T00:00:00Z,Briar,7.73,NA,NA,agroecology,NA,3580,1,1,0,2,2,2,2,NA
2025-08-15T00:00:00Z,Briar,7.73,NA,NA,agroecology,NA,3104,1,1,0,2,2,2,2,NA
2025-08-25T00:00:00Z,Briar,7.73,NA,NA,agroecology,NA,3660.2,1,1,0,2,2,2,2,NA
2025-09-17T00:00:00Z,Briar,7.73,NA,NA,agroecology,NA,2601.6,1,1,0,2,2,2,2,NA
2025-09-19T00:00:00Z,Briar,7.73,7.73,1,day_in,feeders,2601.6,1,2,0,3,3,3,2,14
2025-10-03T00:00:00Z,Briar,7.73,7.73,1,day_out,feeders,2026,1,2,0,3,3,3,3,14
2025-10-06T00:00:00Z,Briar,7.73,NA,NA,agroecology,NA,1942,1,2,0,3,3,3,3,NA
2025-08-06T00:00:00Z,Broad Meadow,38.8,2,1,hay_in,hay,NA,1,0,0,1,1,1,0,NA
2025-08-08T00:00:00Z,Broad Meadow,38.8,2,1,hay_out,hay,NA,1,0,0,1,1,1,1,NA
2025-08-19T00:00:00Z,Broad Meadow,38.8,2,1,hay_in,hay,NA,2,0,0,2,2,2,1,NA
2025-08-21T00:00:00Z,Broad Meadow,38.8,2,1,hay_out,hay,NA,2,0,0,2,2,2,2,NA
2025-08-06T00:00:00Z,Broad Meadow 1a,NA,NA,NA,hay_in,hay,NA,1,0,0,1,1,1,0,NA
2025-08-19T00:00:00Z,Broad Meadow Dry,NA,NA,NA,hay_in,hay,NA,1,0,0,1,1,1,0,NA
2025-08-06T00:00:00Z,Bull,NA,NA,NA,mow_in,NA,NA,0,0,1,1,0,0,0,NA
2025-08-18T00:00:00Z,Bull,5.9,5.9,1,day_in,feeders,3538,0,1,1,2,1,1,1,3
2025-08-21T00:00:00Z,Bull,5.9,5.9,1,day_out,feeders,2810,0,1,1,2,1,1,2,3
2025-11-06T00:00:00Z,Bull,5.9,5.9,1,day_in,feeders,NA,0,2,1,3,2,2,2,5
2025-11-11T00:00:00Z,Bull,5.9,5.9,1,day_out,feeders,NA,0,2,1,3,2,2,3,5
2025-04-24T00:00:00Z,Crabby,0.87,NA,NA,agroecology,NA,1716.8,0,0,0,0,0,0,0,NA
2025-05-21T00:00:00Z,Crabby,NA,NA,NA,mow_in,NA,NA,0,0,1,1,0,0,0,NA
2025-04-24T00:00:00Z,Drainage,13.13,NA,NA,agroecology,NA,1543,0,0,0,0,0,0,0,NA
2025-05-09T00:00:00Z,Drainage,13.13,NA,NA,agroecology,NA,2759.6,0,0,0,0,0,0,0,NA
2025-05-21T00:00:00Z,Drainage,13.13,NA,NA,agroecology,NA,3502.2,0,0,0,0,0,0,0,NA
2025-05-30T00:00:00Z,Drainage,13.13,9.33,0.7105864432597105,day_in,feeders,3776,0,1,0,1,1,1,0,11
2025-06-10T00:00:00Z,Drainage,13.13,9.33,0.7105864432597105,day_out,feeders,2614,0,1,0,1,1,1,1,11
2025-06-27T00:00:00Z,Drainage,13.13,NA,NA,agroecology,NA,2712.2,0,1,0,1,1,1,1,NA
2025-07-15T00:00:00Z,Drainage,13.13,NA,NA,agroecology,NA,3565.4,0,1,0,1,1,1,1,NA
2025-07-16T00:00:00Z,Drainage,13.13,13.13,1,day_in,feeders,3745,0,2,0,2,2,2,1,14
2025-07-30T00:00:00Z,Drainage,13.13,13.13,1,day_out,feeders,2749,0,2,0,2,2,2,2,14
2025-07-31T00:00:00Z,Drainage,13.13,NA,NA,agroecology,NA,2726,0,2,0,2,2,2,2,NA
2025-08-15T00:00:00Z,Drainage,13.13,NA,NA,agroecology,NA,3468,0,2,0,2,2,2,2,NA
2025-08-26T00:00:00Z,Drainage,13.13,NA,NA,agroecology,NA,2775.4,0,2,0,2,2,2,2,NA
2025-09-12T00:00:00Z,Drainage,13.13,NA,NA,agroecology,NA,3676,0,2,0,2,2,2,2,NA
2025-10-01T00:00:00Z,Drainage,13.13,NA,NA,agroecology,NA,3650,0,2,0,2,2,2,2,NA
2025-10-03T00:00:00Z,Drainage,13.13,13.13,1,day_in,feeders,4126,0,3,0,3,3,3,2,10
2025-10-13T00:00:00Z,Drainage,13.13,13.13,1,day_out,feeders,2628,0,3,0,3,3,3,3,10
2025-04-24T00:00:00Z,Flush,0.6,NA,NA,agroecology,NA,2949.2,0,0,0,0,0,0,NA,NA
2025-04-22T00:00:00Z,GP Woods,2.3,2.3,1,day_in,brood,1970,0,1,0,1,1,1,0,1
2025-04-23T00:00:00Z,GP Woods,2.3,2.3,1,day_out,brood,1793,0,1,0,1,1,1,1,1
2025-06-27T00:00:00Z,GP Woods,2.3,NA,NA,agroecology,NA,2838.6,0,1,0,1,1,1,1,NA
2025-04-15T00:00:00Z,GP1A,8,8,1,day_in,brood,NA,0,1,0,1,1,1,0,4
2025-04-19T00:00:00Z,GP1A,8,8,1,day_out,brood,1270,0,1,0,1,1,1,1,4
2025-04-25T00:00:00Z,GP1A,8,NA,NA,agroecology,NA,1701,0,1,0,1,1,1,1,NA
2025-04-25T00:00:00Z,GP1A,8,NA,NA,agroecology,NA,1669.4,0,1,0,1,1,1,1,NA
2025-05-09T00:00:00Z,GP1A,8,NA,NA,agroecology,NA,3249.4,0,1,0,1,1,1,1,NA
2025-05-30T00:00:00Z,GP1A,8,5.25,0.65625,day_in,brood,4252,0,2,0,2,2,2,1,3
2025-06-02T00:00:00Z,GP1A,8,5.25,0.65625,day_out,brood,3146,0,2,0,2,2,2,2,3
2025-06-11T00:00:00Z,GP1A,8,NA,NA,agroecology,NA,3146,0,2,0,2,2,2,2,NA
2025-06-27T00:00:00Z,GP1A,8,NA,NA,agroecology,NA,4371.2,0,2,0,2,2,2,2,NA
2025-07-02T00:00:00Z,GP1A,8,8,1,day_in,brood,4126,0,3,0,3,3,3,2,4
2025-07-06T00:00:00Z,GP1A,8,8,1,day_out,brood,3720,0,3,0,3,3,3,3,4
2025-07-11T00:00:00Z,GP1A,8,NA,NA,agroecology,NA,3834,0,3,0,3,3,3,3,NA
2025-07-31T00:00:00Z,GP1A,8,NA,NA,agroecology,NA,2880,0,3,0,3,3,3,3,NA
2025-08-06T00:00:00Z,GP1A,NA,NA,NA,mow_in,NA,2880,0,3,1,4,3,3,3,NA
2025-08-15T00:00:00Z,GP1A,8,NA,NA,agroecology,NA,3230,0,3,1,4,3,3,4,NA
2025-08-25T00:00:00Z,GP1A,8,NA,NA,agroecology,NA,3075.6,0,3,1,4,3,3,4,NA
2025-09-17T00:00:00Z,GP1A,8,NA,NA,agroecology,NA,2427.8,0,3,1,4,3,3,4,NA
2025-10-06T00:00:00Z,GP1A,8,NA,NA,agroecology,NA,2936,0,3,1,4,3,3,4,NA
2025-10-30T00:00:00Z,GP1A,8,8,1,day_in,brood,2936,0,4,1,5,4,4,4,5
2025-11-04T00:00:00Z,GP1A,8,8,1,day_out,brood,NA,0,4,1,5,4,4,5,5
2025-11-30T00:00:00Z,GP1A,8,8,1,day_in,brood,2040,0,5,1,6,5,5,5,1
2025-12-01T00:00:00Z,GP1A,8,8,1,day_out,brood,NA,0,5,1,6,5,5,6,1
NA,GP1A,8,8,NA,day_out,NA,NA,0,5,1,6,5,6,6,2
2025-06-11T00:00:00Z,GP1B,7.04,NA,NA,agroecology,NA,4630,0,0,0,0,0,0,0,NA
2025-06-27T00:00:00Z,GP1B,7.04,NA,NA,agroecology,NA,4150,0,0,0,0,0,0,0,NA
2025-07-01T00:00:00Z,GP1B,7.04,7.04,1,day_in,brood,4150,0,1,0,1,1,1,0,1
2025-07-02T00:00:00Z,GP1B,7.04,7.04,1,day_out,brood,2516,0,1,0,1,1,1,1,1
2025-07-14T00:00:00Z,GP1B,7.04,NA,NA,agroecology,NA,3233.6,0,1,0,1,1,1,1,NA
2025-07-31T00:00:00Z,GP1B,7.04,NA,NA,agroecology,NA,5134,0,1,0,1,1,1,1,NA
2025-08-06T00:00:00Z,GP1B,NA,NA,NA,mow_in,NA,5134,0,1,1,2,1,1,1,NA
2025-08-15T00:00:00Z,GP1B,7.04,NA,NA,agroecology,NA,3258,0,1,1,2,1,1,2,NA
2025-08-25T00:00:00Z,GP1B,7.04,NA,NA,agroecology,NA,3786.6,0,1,1,2,1,1,2,NA
2025-08-29T00:00:00Z,GP1B,7.04,7.04,1,day_in,brood,3538,0,2,1,3,2,2,2,4
2025-09-02T00:00:00Z,GP1B,7.04,7.04,1,day_out,brood,2585.8,0,2,1,3,2,2,3,4
2025-09-17T00:00:00Z,GP1B,7.04,NA,NA,agroecology,NA,2585.8,0,2,1,3,2,2,3,NA
2025-10-06T00:00:00Z,GP1B,7.04,NA,NA,agroecology,NA,3510,0,2,1,3,2,2,3,NA
2025-10-29T00:00:00Z,GP1B,7.04,7.04,1,day_in,brood,2502,0,3,1,4,3,3,3,1
2025-10-30T00:00:00Z,GP1B,7.04,7.04,1,day_out,brood,NA,0,3,1,4,3,3,4,1
2025-11-29T00:00:00Z,GP1B,7.04,7.04,1,day_in,brood,2040,0,4,1,5,4,4,4,1
2025-11-30T00:00:00Z,GP1B,7.04,7.04,1,day_out,brood,NA,0,4,1,5,4,4,5,1
2025-04-25T00:00:00Z,GP2A,6.57,NA,NA,agroecology,NA,2190.8,0,0,0,0,0,0,0,NA
2025-06-02T00:00:00Z,GP2A,6.57,NA,NA,agroecology,NA,8115.8,0,0,0,0,0,0,0,NA
2025-06-11T00:00:00Z,GP2A,6.57,NA,NA,agroecology,NA,4532,0,0,0,0,0,0,0,NA
2025-06-27T00:00:00Z,GP2A,6.57,NA,NA,agroecology,NA,4545,0,0,0,0,0,0,0,NA
2025-06-28T00:00:00Z,GP2A,6.57,3.75,1,day_in,brood,3888,0,1,0,1,1,1,0,3
2025-07-01T00:00:00Z,GP2A,6.57,3.75,1,day_out,brood,3524,0,1,0,1,1,1,1,3
2025-07-14T00:00:00Z,GP2A,6.57,NA,NA,agroecology,NA,3012.4,0,1,0,1,1,1,1,NA
2025-07-31T00:00:00Z,GP2A,6.57,NA,NA,agroecology,NA,3230,0,1,0,1,1,1,1,NA
2025-08-06T00:00:00Z,GP2A,NA,NA,NA,mow_in,NA,3230,0,1,1,2,1,1,1,NA
2025-08-15T00:00:00Z,GP2A,6.57,NA,NA,agroecology,NA,3650,0,1,1,2,1,1,2,NA
2025-08-25T00:00:00Z,GP2A,6.57,NA,NA,agroecology,NA,3897.2,0,1,1,2,1,1,2,NA
2025-08-27T00:00:00Z,GP2A,6.57,3.75,1,day_in,brood,3897.2,0,2,1,3,2,2,2,2
2025-08-29T00:00:00Z,GP2A,6.57,3.75,1,day_out,brood,2460,0,2,1,3,2,2,3,2
2025-09-17T00:00:00Z,GP2A,6.57,NA,NA,agroecology,NA,2506.8,0,2,1,3,2,2,3,NA
2025-10-06T00:00:00Z,GP2A,6.57,NA,NA,agroecology,NA,3048,0,2,1,3,2,2,3,NA
2025-10-27T00:00:00Z,GP2A,6.57,3.75,1,day_in,brood,3020,0,3,1,4,3,3,3,2
2025-10-29T00:00:00Z,GP2A,6.57,3.75,1,day_out,brood,2040,0,3,1,4,3,3,4,2
2025-04-25T00:00:00Z,GP2B,8.19,NA,NA,agroecology,NA,2032.8,0,0,0,0,0,0,0,NA
2025-04-25T00:00:00Z,GP2B,8.19,NA,NA,agroecology,NA,2159.2,0,0,0,0,0,0,0,NA
2025-06-11T00:00:00Z,GP2B,8.19,NA,NA,agroecology,NA,3566,0,0,0,0,0,0,0,NA
2025-06-16T00:00:00Z,GP2B,8.19,8.19,1,day_in,brood,4630,0,1,0,1,1,1,0,12
2025-06-27T00:00:00Z,GP2B,8.19,NA,NA,agroecology,NA,2965,0,1,0,1,1,1,1,NA
2025-06-28T00:00:00Z,GP2B,8.19,8.19,1,day_out,brood,2432,0,1,0,1,1,1,1,12
2025-07-14T00:00:00Z,GP2B,8.19,NA,NA,agroecology,NA,2791.2,0,1,0,1,1,1,1,NA
2025-07-31T00:00:00Z,GP2B,8.19,NA,NA,agroecology,NA,2950,0,1,0,1,1,1,1,NA
2025-08-15T00:00:00Z,GP2B,8.19,NA,NA,agroecology,NA,3202,0,1,0,1,1,1,1,NA
2025-08-22T00:00:00Z,GP2B,8.19,8.19,1,day_in,brood,3034,0,2,0,2,2,2,1,5
2025-08-25T00:00:00Z,GP2B,8.19,NA,NA,agroecology,NA,2522.6,0,2,0,2,2,2,2,NA
2025-08-27T00:00:00Z,GP2B,8.19,8.19,1,day_out,brood,2562.1,0,2,0,2,2,2,2,5
2025-09-17T00:00:00Z,GP2B,8.19,NA,NA,agroecology,NA,2601.6,0,2,0,2,2,2,2,NA
2025-10-06T00:00:00Z,GP2B,8.19,NA,NA,agroecology,NA,2936,0,2,0,2,2,2,2,NA
2025-10-23T00:00:00Z,GP2B,8.19,8.19,1,day_in,brood,2936,0,3,0,3,3,3,2,4
2025-10-27T00:00:00Z,GP2B,8.19,8.19,1,day_out,brood,2264,0,3,0,3,3,3,3,4
2025-04-25T00:00:00Z,GP3,27.19,NA,NA,agroecology,NA,1764.2,0,0,0,0,0,0,0,NA
2025-04-25T00:00:00Z,GP3,27.19,NA,NA,agroecology,NA,2222.4,0,0,0,0,0,0,0,NA
2025-04-25T00:00:00Z,GP3,27.19,NA,NA,agroecology,NA,1859,0,0,0,0,0,0,0,NA
2025-05-14T00:00:00Z,GP3,27.19,NA,NA,agroecology,NA,2617.4,0,0,0,0,0,0,0,NA
2025-05-14T00:00:00Z,GP3,27.19,NA,NA,agroecology,NA,2554.2,0,0,0,0,0,0,0,NA
2025-05-14T00:00:00Z,GP3,27.19,NA,NA,agroecology,NA,2412,0,0,0,0,0,0,0,NA
2025-05-14T00:00:00Z,GP3,27.19,NA,NA,agroecology,NA,2712.2,0,0,0,0,0,0,0,NA
2025-05-14T00:00:00Z,GP3,27.19,NA,NA,agroecology,NA,3849.8,0,0,0,0,0,0,0,NA
2025-05-14T00:00:00Z,GP3,27.19,NA,NA,agroecology,NA,2775.4,0,0,0,0,0,0,0,NA
2025-05-14T00:00:00Z,GP3,27.19,NA,NA,agroecology,NA,4055.2,0,0,0,0,0,0,0,NA
2025-05-14T00:00:00Z,GP3,27.19,11.3,0.41559396837072454,day_in,brood,2741,0,1,0,1,1,1,0,16
2025-05-19T00:00:00Z,GP3,27.19,NA,NA,agroecology,NA,2190.8,0,1,0,1,1,1,1,NA
2025-05-19T00:00:00Z,GP3,27.19,NA,NA,agroecology,NA,2380.4,0,1,0,1,1,1,1,NA
2025-05-19T00:00:00Z,GP3,27.19,NA,NA,agroecology,NA,2917.6,0,1,0,1,1,1,1,NA
2025-05-19T00:00:00Z,GP3,27.19,NA,NA,agroecology,NA,2585.8,0,1,0,1,1,1,1,NA
2025-05-19T00:00:00Z,GP3,27.19,NA,NA,agroecology,NA,3391.6,0,1,0,1,1,1,1,NA
2025-05-19T00:00:00Z,GP3,27.19,NA,NA,agroecology,NA,2901.8,0,1,0,1,1,1,1,NA
2025-05-19T00:00:00Z,GP3,27.19,NA,NA,agroecology,NA,2680.6,0,1,0,1,1,1,1,NA
2025-05-19T00:00:00Z,GP3,27.19,NA,NA,agroecology,NA,4955.8,0,1,0,1,1,1,1,NA
2025-05-30T00:00:00Z,GP3,27.19,NA,NA,agroecology,NA,3230,0,1,0,1,1,1,1,NA
2025-05-30T00:00:00Z,GP3,27.19,NA,NA,agroecology,NA,2502,0,1,0,1,1,1,1,NA
2025-05-30T00:00:00Z,GP3,27.19,NA,NA,agroecology,NA,2194,0,1,0,1,1,1,1,NA
2025-05-30T00:00:00Z,GP3,27.19,NA,NA,agroecology,NA,1704,0,1,0,1,1,1,1,NA
2025-05-30T00:00:00Z,GP3,27.19,NA,NA,agroecology,NA,2656,0,1,0,1,1,1,1,NA
2025-05-30T00:00:00Z,GP3,27.19,NA,NA,agroecology,NA,2810,0,1,0,1,1,1,1,NA
2025-05-30T00:00:00Z,GP3,27.19,11.3,0.41559396837072454,day_out,brood,2315,0,1,0,1,1,1,1,16
2025-06-05T00:00:00Z,GP3,27.19,NA,NA,agroecology,NA,4371.2,0,1,0,1,1,1,0,NA
2025-06-05T00:00:00Z,GP3,27.19,NA,NA,agroecology,NA,3976.2,0,1,0,1,1,1,0,NA
2025-06-05T00:00:00Z,GP3,27.19,NA,NA,agroecology,NA,2791.2,0,1,0,1,1,1,0,NA
2025-06-05T00:00:00Z,GP3,27.19,NA,NA,agroecology,NA,2254,0,1,0,1,1,1,0,NA
2025-06-05T00:00:00Z,GP3,27.19,NA,NA,agroecology,NA,2680.6,0,1,0,1,1,1,0,NA
2025-06-05T00:00:00Z,GP3,27.19,NA,NA,agroecology,NA,3391.6,0,1,0,1,1,1,0,NA
2025-06-05T00:00:00Z,GP3,27.19,NA,NA,agroecology,NA,3375.8,0,1,0,1,1,1,0,NA
2025-06-05T00:00:00Z,GP3,27.19,NA,NA,agroecology,NA,5177,0,1,0,1,1,1,0,NA
2025-06-13T00:00:00Z,GP3,27.19,3.38,0.1243104082383229,day_in,brood,5177,0,1,0,1,1,2,0,3
2025-06-16T00:00:00Z,GP3,27.19,3.38,0.1243104082383229,day_out,brood,1562,0,1,0,1,1,2,1,3
2025-06-27T00:00:00Z,GP3,27.19,NA,NA,agroecology,NA,2491,0,1,0,1,1,2,1,NA
2025-06-27T00:00:00Z,GP3,27.19,NA,NA,agroecology,NA,3707.6,0,1,0,1,1,2,1,NA
2025-07-14T00:00:00Z,GP3,27.19,NA,NA,agroecology,NA,2791.2,0,1,0,1,1,2,1,NA
2025-07-14T00:00:00Z,GP3,27.19,NA,NA,agroecology,NA,5256,0,1,0,1,1,2,1,NA
2025-07-30T00:00:00Z,GP3,27.19,12.44,0.4575211474806914,day_in,brood,4574,0,2,0,2,2,3,1,9
2025-07-31T00:00:00Z,GP3,27.19,NA,NA,agroecology,NA,3272,0,2,0,2,2,3,2,NA
2025-07-31T00:00:00Z,GP3,27.19,NA,NA,agroecology,NA,4084,0,2,0,2,2,3,2,NA
2025-08-08T00:00:00Z,GP3,27.19,12.44,0.4575211474806914,day_out,brood,3671,0,2,0,2,2,3,2,9
2025-08-13T00:00:00Z,GP3,27.19,12.42,0.4567855829349025,day_in,brood,4574,0,2,0,2,2,4,1,9
2025-08-15T00:00:00Z,GP3,27.19,NA,NA,agroecology,NA,3258,0,2,0,2,2,4,2,NA
2025-08-15T00:00:00Z,GP3,27.19,NA,NA,agroecology,NA,3006,0,2,0,2,2,4,2,NA
2025-08-22T00:00:00Z,GP3,27.19,12.42,0.4567855829349025,day_out,brood,2516,0,2,0,2,2,4,2,9
2025-08-25T00:00:00Z,GP3,27.19,NA,NA,agroecology,NA,2364.6,0,2,0,2,2,4,2,NA
2025-08-25T00:00:00Z,GP3,27.19,NA,NA,agroecology,NA,2554.2,0,2,0,2,2,4,2,NA
2025-09-17T00:00:00Z,GP3,27.19,NA,NA,agroecology,NA,2443.6,0,2,0,2,2,4,2,NA
2025-09-17T00:00:00Z,GP3,27.19,NA,NA,agroecology,NA,2965,0,2,0,2,2,4,2,NA
2025-10-06T00:00:00Z,GP3,27.19,NA,NA,agroecology,NA,2894,0,2,0,2,2,4,2,NA
2025-10-06T00:00:00Z,GP3,27.19,NA,NA,agroecology,NA,3006,0,2,0,2,2,4,2,NA
2025-10-09T00:00:00Z,GP3,27.19,27.19,1,day_in,brood,2772,0,3,0,3,3,5,2,14
2025-10-23T00:00:00Z,GP3,27.19,27.19,1,day_out,brood,2163,0,3,0,3,3,5,3,14
2025-04-25T00:00:00Z,GP4A,4.53,NA,NA,agroecology,NA,2032.8,0,0,0,0,0,0,0,NA
2025-05-11T00:00:00Z,GP4A,4.53,4.53,1,day_in,brood,3076,0,1,0,1,1,1,0,3
2025-05-14T00:00:00Z,GP4A,4.53,NA,NA,agroecology,NA,2190.8,0,1,0,1,1,1,1,NA
2025-05-14T00:00:00Z,GP4A,4.53,NA,NA,agroecology,NA,1701,0,1,0,1,1,1,1,NA
2025-05-14T00:00:00Z,GP4A,4.53,4.53,1,day_out,brood,2527,0,1,0,1,1,1,1,3
2025-05-19T00:00:00Z,GP4A,4.53,NA,NA,agroecology,NA,2143.4,0,1,0,1,1,1,1,NA
2025-05-19T00:00:00Z,GP4A,4.53,NA,NA,agroecology,NA,1922.2,0,1,0,1,1,1,1,NA
2025-05-30T00:00:00Z,GP4A,4.53,NA,NA,agroecology,NA,2250,0,1,0,1,1,1,1,NA
2025-05-30T00:00:00Z,GP4A,4.53,NA,NA,agroecology,NA,2110,0,1,0,1,1,1,1,NA
2025-06-05T00:00:00Z,GP4A,4.53,NA,NA,agroecology,NA,2949.2,0,1,0,1,1,1,1,NA
2025-06-05T00:00:00Z,GP4A,4.53,NA,NA,agroecology,NA,2917.6,0,1,0,1,1,1,1,NA
2025-06-27T00:00:00Z,GP4A,4.53,NA,NA,agroecology,NA,3881.4,0,1,0,1,1,1,1,NA
2025-07-14T00:00:00Z,GP4A,4.53,NA,NA,agroecology,NA,4782,0,1,0,1,1,1,1,NA
2025-07-31T00:00:00Z,GP4A,4.53,NA,NA,agroecology,NA,3440,0,1,0,1,1,1,1,NA
2025-08-10T00:00:00Z,GP4A,4.53,4.53,1,day_in,brood,3846,0,2,0,2,2,2,1,3
2025-08-13T00:00:00Z,GP4A,4.53,4.53,1,day_out,brood,NA,0,2,0,2,2,2,2,3
2025-08-15T00:00:00Z,GP4A,4.53,NA,NA,agroecology,NA,2656,0,2,0,2,2,2,2,NA
2025-08-19T00:00:00Z,GP4A,NA,NA,NA,mow_in,NA,NA,0,2,1,3,2,2,2,NA
2025-08-25T00:00:00Z,GP4A,4.53,NA,NA,agroecology,NA,2870.2,0,2,1,3,2,2,3,NA
2025-09-17T00:00:00Z,GP4A,4.53,NA,NA,agroecology,NA,3123,0,2,1,3,2,2,3,NA
2025-10-06T00:00:00Z,GP4A,4.53,NA,NA,agroecology,NA,2992,0,2,1,3,2,2,3,NA
2025-10-06T00:00:00Z,GP4A,4.53,4.53,1,day_in,brood,2992,0,3,1,4,3,3,3,3
2025-10-09T00:00:00Z,GP4A,4.53,4.53,1,day_out,brood,NA,0,3,1,4,3,3,4,3
2025-04-25T00:00:00Z,GP4B,3.42,NA,NA,agroecology,NA,2190.8,0,0,0,0,0,0,0,NA
2025-05-09T00:00:00Z,GP4B,3.42,3.42,1,day_in,brood,3202,0,1,0,1,1,1,0,2
2025-05-11T00:00:00Z,GP4B,3.42,3.42,1,day_out,brood,2012,0,1,0,1,1,1,1,2
2025-05-14T00:00:00Z,GP4B,3.42,NA,NA,agroecology,NA,2254,0,1,0,1,1,1,1,NA
2025-05-19T00:00:00Z,GP4B,3.42,NA,NA,agroecology,NA,2743.8,0,1,0,1,1,1,1,NA
2025-05-30T00:00:00Z,GP4B,3.42,NA,NA,agroecology,NA,2572,0,1,0,1,1,1,1,NA
2025-06-05T00:00:00Z,GP4B,3.42,NA,NA,agroecology,NA,3470.6,0,1,0,1,1,1,1,NA
2025-06-27T00:00:00Z,GP4B,3.42,NA,NA,agroecology,NA,3849.8,0,1,0,1,1,1,1,NA
2025-07-14T00:00:00Z,GP4B,3.42,NA,NA,agroecology,NA,5224.4,0,1,0,1,1,1,1,NA
2025-07-31T00:00:00Z,GP4B,3.42,NA,NA,agroecology,NA,4224,0,1,0,1,1,1,1,NA
2025-08-09T00:00:00Z,GP4B,3.42,3.42,1,day_in,brood,4728,0,2,0,2,2,2,1,1
2025-08-10T00:00:00Z,GP4B,3.42,3.42,1,day_out,brood,3328,0,2,0,2,2,2,2,1
2025-08-15T00:00:00Z,GP4B,3.42,NA,NA,agroecology,NA,2824,0,2,0,2,2,2,2,NA
2025-08-19T00:00:00Z,GP4B,NA,NA,NA,mow_in,NA,2824,0,2,1,3,2,2,2,NA
2025-08-25T00:00:00Z,GP4B,3.42,NA,NA,agroecology,NA,2838.6,0,2,1,3,2,2,3,NA
2025-09-17T00:00:00Z,GP4B,3.42,NA,NA,agroecology,NA,2980.8,0,2,1,3,2,2,3,NA
2025-10-03T00:00:00Z,GP4B,3.42,3.42,1,day_in,brood,2980.8,0,3,1,4,3,3,3,3
2025-10-06T00:00:00Z,GP4B,3.42,NA,NA,agroecology,NA,2306,0,3,1,4,3,3,4,NA
2025-10-06T00:00:00Z,GP4B,3.42,3.42,1,day_out,brood,NA,0,3,1,4,3,3,4,3
2025-05-07T00:00:00Z,GP4C,3.42,3.42,1,day_in,brood,3160,0,1,0,1,1,1,0,2
2025-05-09T00:00:00Z,GP4C,3.42,3.42,1,day_out,brood,2740,0,1,0,1,1,1,1,2
2025-05-14T00:00:00Z,GP4C,3.42,NA,NA,agroecology,NA,2269.8,0,1,0,1,1,1,1,NA
2025-05-14T00:00:00Z,GP4C,3.42,NA,NA,agroecology,NA,1827.4,0,1,0,1,1,1,1,NA
2025-05-19T00:00:00Z,GP4C,3.42,NA,NA,agroecology,NA,3028.2,0,1,0,1,1,1,1,NA
2025-05-19T00:00:00Z,GP4C,3.42,NA,NA,agroecology,NA,1985.4,0,1,0,1,1,1,1,NA
2025-05-30T00:00:00Z,GP4C,3.42,NA,NA,agroecology,NA,2628,0,1,0,1,1,1,1,NA
2025-05-30T00:00:00Z,GP4C,3.42,NA,NA,agroecology,NA,2278,0,1,0,1,1,1,1,NA
2025-06-05T00:00:00Z,GP4C,3.42,NA,NA,agroecology,NA,3091.4,0,1,0,1,1,1,1,NA
2025-06-05T00:00:00Z,GP4C,3.42,NA,NA,agroecology,NA,2822.8,0,1,0,1,1,1,1,NA
2025-06-27T00:00:00Z,GP4C,3.42,NA,NA,agroecology,NA,3281,0,1,0,1,1,1,1,NA
2025-07-14T00:00:00Z,GP4C,3.42,NA,NA,agroecology,NA,3296.8,0,1,0,1,1,1,1,NA
2025-07-31T00:00:00Z,GP4C,3.42,NA,NA,agroecology,NA,3482,0,1,0,1,1,1,1,NA
2025-08-08T00:00:00Z,GP4C,3.42,3.42,1,day_in,brood,3482,0,2,0,2,2,2,1,1
2025-08-09T00:00:00Z,GP4C,3.42,3.42,1,day_out,brood,2502,0,2,0,2,2,2,2,1
2025-08-15T00:00:00Z,GP4C,3.42,NA,NA,agroecology,NA,2516,0,2,0,2,2,2,2,NA
2025-08-19T00:00:00Z,GP4C,NA,NA,NA,mow_in,NA,2516,0,2,1,3,2,2,2,NA
2025-08-25T00:00:00Z,GP4C,3.42,NA,NA,agroecology,NA,2585.8,0,2,1,3,2,2,3,NA
2025-09-17T00:00:00Z,GP4C,3.42,NA,NA,agroecology,NA,2838.6,0,2,1,3,2,2,3,NA
2025-09-30T00:00:00Z,GP4C,3.42,3.42,1,day_in,brood,2838.6,0,3,1,4,3,3,3,3
2025-10-03T00:00:00Z,GP4C,3.42,3.42,1,day_out,brood,2138,0,3,1,4,3,3,4,3
2025-10-06T00:00:00Z,GP4C,3.42,NA,NA,agroecology,NA,2026,0,3,1,4,3,3,4,NA
2025-04-25T00:00:00Z,GP5A,2.76,NA,NA,agroecology,NA,2269.8,0,0,0,0,0,0,0,NA
2025-06-27T00:00:00Z,GP5A,2.76,NA,NA,agroecology,NA,4039.4,0,0,0,0,0,0,0,NA
2025-07-11T00:00:00Z,GP5A,2.76,NA,NA,agroecology,NA,5129.6,0,0,0,0,0,0,0,NA
2025-07-28T00:00:00Z,GP5A,2.76,2.76,1,day_in,brood,4466,0,1,0,1,1,1,0,2
2025-07-30T00:00:00Z,GP5A,2.76,2.76,1,day_out,brood,2292,0,1,0,1,1,1,1,2
2025-07-31T00:00:00Z,GP5A,2.76,NA,NA,agroecology,NA,2712,0,1,0,1,1,1,1,NA
2025-08-15T00:00:00Z,GP5A,2.76,NA,NA,agroecology,NA,3062,0,1,0,1,1,1,1,NA
2025-08-25T00:00:00Z,GP5A,2.76,NA,NA,agroecology,NA,2886,0,1,0,1,1,1,1,NA
2025-09-17T00:00:00Z,GP5A,2.76,NA,NA,agroecology,NA,2949.2,0,1,0,1,1,1,1,NA
2025-09-28T00:00:00Z,GP5A,2.76,2.76,1,day_in,brood,2949.2,0,2,0,2,2,2,1,1
2025-09-29T00:00:00Z,GP5A,2.76,2.76,1,day_out,brood,NA,0,2,0,2,2,2,2,1
2025-10-06T00:00:00Z,GP5A,2.76,NA,NA,agroecology,NA,2908,0,2,0,2,2,2,2,NA
2025-04-25T00:00:00Z,GP5B,5.05,NA,NA,agroecology,NA,2127.6,0,0,0,0,0,0,0,NA
2025-05-14T00:00:00Z,GP5B,5.05,NA,NA,agroecology,NA,2269.8,0,0,0,0,0,0,0,NA
2025-05-19T00:00:00Z,GP5B,5.05,NA,NA,agroecology,NA,3233.6,0,0,0,0,0,0,0,NA
2025-05-30T00:00:00Z,GP5B,5.05,NA,NA,agroecology,NA,3608,0,0,0,0,0,0,0,NA
2025-06-02T00:00:00Z,GP5B,5.05,5.05,1,day_in,brood,3608,0,1,0,1,1,1,0,1
2025-06-03T00:00:00Z,GP5B,5.05,5.05,1,day_out,brood,3676,0,1,0,1,1,1,1,1
2025-06-05T00:00:00Z,GP5B,5.05,NA,NA,agroecology,NA,3676,0,1,0,1,1,1,1,NA
2025-06-27T00:00:00Z,GP5B,5.05,NA,NA,agroecology,NA,4450.2,0,1,0,1,1,1,1,NA
2025-07-11T00:00:00Z,GP5B,5.05,NA,NA,agroecology,NA,4229,0,1,0,1,1,1,1,NA
2025-07-26T00:00:00Z,GP5B,5.05,5.05,1,day_in,brood,4538,0,2,0,2,2,2,1,2
2025-07-28T00:00:00Z,GP5B,5.05,5.05,1,day_out,brood,2460,0,2,0,2,2,2,2,2
2025-07-31T00:00:00Z,GP5B,5.05,NA,NA,agroecology,NA,2558,0,2,0,2,2,2,2,NA
2025-08-15T00:00:00Z,GP5B,5.05,NA,NA,agroecology,NA,4056,0,2,0,2,2,2,2,NA
2025-08-25T00:00:00Z,GP5B,5.05,NA,NA,agroecology,NA,3644.4,0,2,0,2,2,2,2,NA
2025-09-17T00:00:00Z,GP5B,5.05,NA,NA,agroecology,NA,2696.4,0,2,0,2,2,2,2,NA
2025-10-06T00:00:00Z,GP5B,5.05,NA,NA,agroecology,NA,3006,0,2,0,2,2,2,2,NA
2025-06-27T00:00:00Z,GP5C,2.61,NA,NA,agroecology,NA,3834,0,0,0,0,0,0,0,NA
2025-07-14T00:00:00Z,GP5C,2.61,NA,NA,agroecology,NA,4718.8,0,0,0,0,0,0,0,NA
2025-07-31T00:00:00Z,GP5C,2.61,NA,NA,agroecology,NA,4532,0,0,0,0,0,0,0,NA
2025-08-15T00:00:00Z,GP5C,2.61,NA,NA,agroecology,NA,4840,0,0,0,0,0,0,0,NA
2025-08-25T00:00:00Z,GP5C,2.61,NA,NA,agroecology,NA,5129.6,0,0,0,0,0,0,0,NA
2025-09-17T00:00:00Z,GP5C,2.61,NA,NA,agroecology,NA,4023.6,0,0,0,0,0,0,0,NA
2025-09-29T00:00:00Z,GP5C,2.61,2.61,1,day_in,brood,3888,0,1,0,1,1,1,0,1
2025-09-30T00:00:00Z,GP5C,2.61,2.61,1,day_out,brood,2180,0,1,0,1,1,1,1,1
2025-10-06T00:00:00Z,GP5C,2.61,NA,NA,agroecology,NA,3300,0,1,0,1,1,1,1,NA
2025-04-25T00:00:00Z,GP5D,4.25,NA,NA,agroecology,NA,1748.4,0,0,0,0,0,0,0,NA
2025-05-05T00:00:00Z,GP5D,4.25,4.25,1,day_in,brood,NA,0,1,0,1,1,1,0,2
2025-05-07T00:00:00Z,GP5D,4.25,4.25,1,day_out,brood,1795.8,0,1,0,1,1,1,1,2
2025-05-14T00:00:00Z,GP5D,4.25,NA,NA,agroecology,NA,1795.8,0,1,0,1,1,1,1,NA
2025-05-19T00:00:00Z,GP5D,4.25,NA,NA,agroecology,NA,1685.2,0,1,0,1,1,1,1,NA
2025-05-30T00:00:00Z,GP5D,4.25,NA,NA,agroecology,NA,2418,0,1,0,1,1,1,1,NA
2025-06-05T00:00:00Z,GP5D,4.25,NA,NA,agroecology,NA,2696.4,0,1,0,1,1,1,1,NA
2025-06-27T00:00:00Z,GP5D,4.25,NA,NA,agroecology,NA,3012.4,0,1,0,1,1,1,1,NA
2025-07-14T00:00:00Z,GP5D,4.25,NA,NA,agroecology,NA,3281,0,1,0,1,1,1,1,NA
2025-07-22T00:00:00Z,GP5D,4.25,4.25,1,day_in,brood,4112,0,2,0,2,2,2,1,4
2025-07-26T00:00:00Z,GP5D,4.25,4.25,1,day_out,brood,2451,0,2,0,2,2,2,2,4
2025-07-29T00:00:00Z,GP5D,NA,NA,NA,mow_in,NA,2371.5,0,2,1,3,2,2,2,NA
2025-07-31T00:00:00Z,GP5D,4.25,NA,NA,agroecology,NA,2292,0,2,1,3,2,2,2,NA
2025-08-15T00:00:00Z,GP5D,4.25,NA,NA,agroecology,NA,2040,0,2,1,3,2,2,2,NA
2025-08-25T00:00:00Z,GP5D,4.25,NA,NA,agroecology,NA,2064.4,0,2,1,3,2,2,2,NA
2025-09-17T00:00:00Z,GP5D,4.25,NA,NA,agroecology,NA,2743.8,0,2,1,3,2,2,2,NA
2025-10-06T00:00:00Z,GP5D,4.25,NA,NA,agroecology,NA,1886,0,2,1,3,2,2,2,NA
2025-04-25T00:00:00Z,GP6A,8.69,NA,NA,agroecology,NA,1606.2,0,0,0,0,0,0,0,NA
2025-04-25T00:00:00Z,GP6A,8.69,NA,NA,agroecology,NA,1906.4,0,0,0,0,0,0,0,NA
2025-05-14T00:00:00Z,GP6A,8.69,NA,NA,agroecology,NA,2159.2,0,0,0,0,0,0,0,NA
2025-05-14T00:00:00Z,GP6A,8.69,NA,NA,agroecology,NA,2285.6,0,0,0,0,0,0,0,NA
2025-05-19T00:00:00Z,GP6A,8.69,NA,NA,agroecology,NA,2759.6,0,0,0,0,0,0,0,NA
2025-05-30T00:00:00Z,GP6A,8.69,NA,NA,agroecology,NA,3650,0,0,0,0,0,0,0,NA
2025-05-30T00:00:00Z,GP6A,8.69,NA,NA,agroecology,NA,3160,0,0,0,0,0,0,0,NA
2025-06-03T00:00:00Z,GP6A,8.69,8.69,1,day_in,brood,3790,0,1,0,1,1,1,0,8
2025-06-05T00:00:00Z,GP6A,8.69,NA,NA,agroecology,NA,2617.4,0,1,0,1,1,1,1,NA
2025-06-05T00:00:00Z,GP6A,8.69,NA,NA,agroecology,NA,3518,0,1,0,1,1,1,1,NA
2025-06-11T00:00:00Z,GP6A,8.69,8.69,1,day_out,brood,2768,0,1,0,1,1,1,1,8
2025-06-27T00:00:00Z,GP6A,8.69,NA,NA,agroecology,NA,3202,0,1,0,1,1,1,1,NA
2025-07-06T00:00:00Z,GP6A,8.69,8.69,1,day_in,brood,3551,0,2,0,2,2,2,1,6
2025-07-11T00:00:00Z,GP6A,8.69,NA,NA,agroecology,NA,3676,0,2,0,2,2,2,2,NA
2025-07-12T00:00:00Z,GP6A,8.69,8.69,1,day_out,brood,2516,0,2,0,2,2,2,2,6
2025-07-29T00:00:00Z,GP6A,NA,NA,NA,mow_in,NA,2516,0,2,1,3,2,2,2,NA
2025-07-31T00:00:00Z,GP6A,8.69,NA,NA,agroecology,NA,2306,0,2,1,3,2,2,3,NA
2025-08-15T00:00:00Z,GP6A,8.69,NA,NA,agroecology,NA,2768,0,2,1,3,2,2,3,NA
2025-08-25T00:00:00Z,GP6A,8.69,NA,NA,agroecology,NA,2854.4,0,2,1,3,2,2,3,NA
2025-09-17T00:00:00Z,GP6A,8.69,NA,NA,agroecology,NA,2728,0,2,1,3,2,2,3,NA
2025-09-27T00:00:00Z,GP6A,8.69,8.69,1,day_in,brood,2728,0,3,1,4,3,3,3,1
2025-09-28T00:00:00Z,GP6A,8.69,8.69,1,day_out,brood,NA,0,3,1,4,3,3,4,1
2025-10-06T00:00:00Z,GP6A,8.69,NA,NA,agroecology,NA,2222,0,3,1,4,3,3,4,NA
2025-11-25T00:00:00Z,GP6A,8.69,8.69,1,day_in,brood,NA,0,4,1,5,4,4,4,4
2025-11-29T00:00:00Z,GP6A,8.69,8.69,1,day_out,brood,1746,0,4,1,5,4,4,5,4
2025-11-30T00:00:00Z,GP6A,8.69,8.69,NA,day_out,NA,1746,0,4,1,5,4,5,5,2
2025-06-27T00:00:00Z,GP6B,7.04,NA,NA,agroecology,NA,2728,0,0,0,0,0,0,0,NA
2025-07-11T00:00:00Z,GP6B,7.04,NA,NA,agroecology,NA,5745.8,0,0,0,0,0,0,0,NA
2025-07-31T00:00:00Z,GP6B,7.04,NA,NA,agroecology,NA,5162,0,0,0,0,0,0,0,NA
2025-08-15T00:00:00Z,GP6B,7.04,NA,NA,agroecology,NA,4924,0,0,0,0,0,0,0,NA
2025-08-25T00:00:00Z,GP6B,7.04,NA,NA,agroecology,NA,5208.6,0,0,0,0,0,0,0,NA
2025-09-17T00:00:00Z,GP6B,7.04,NA,NA,agroecology,NA,5145.4,0,0,0,0,0,0,0,NA
2025-09-25T00:00:00Z,GP6B,7.04,7.04,1,day_in,brood,3020,0,1,0,1,1,1,0,2
2025-09-27T00:00:00Z,GP6B,7.04,7.04,1,day_out,brood,1705,0,1,0,1,1,1,1,2
2025-10-06T00:00:00Z,GP6B,7.04,NA,NA,agroecology,NA,3244,0,1,0,1,1,1,1,NA
2025-04-25T00:00:00Z,GP6C,6.51,NA,NA,agroecology,NA,2206.6,0,0,0,0,0,0,0,NA
2025-05-01T00:00:00Z,GP6C,6.51,6.51,1,day_in,brood,2698,0,1,0,1,1,1,0,4
2025-05-05T00:00:00Z,GP6C,6.51,6.51,1,day_out,brood,2248,0,1,0,1,1,1,1,4
2025-05-14T00:00:00Z,GP6C,6.51,NA,NA,agroecology,NA,1827.4,0,1,0,1,1,1,1,NA
2025-05-14T00:00:00Z,GP6C,6.51,NA,NA,agroecology,NA,1874.8,0,1,0,1,1,1,1,NA
2025-05-19T00:00:00Z,GP6C,6.51,NA,NA,agroecology,NA,2238.2,0,1,0,1,1,1,1,NA
2025-05-19T00:00:00Z,GP6C,6.51,NA,NA,agroecology,NA,2317.2,0,1,0,1,1,1,1,NA
2025-05-30T00:00:00Z,GP6C,6.51,NA,NA,agroecology,NA,2586,0,1,0,1,1,1,1,NA
2025-05-30T00:00:00Z,GP6C,6.51,NA,NA,agroecology,NA,2754,0,1,0,1,1,1,1,NA
2025-06-05T00:00:00Z,GP6C,6.51,NA,NA,agroecology,NA,3186.2,0,1,0,1,1,1,1,NA
2025-06-05T00:00:00Z,GP6C,6.51,NA,NA,agroecology,NA,3012.4,0,1,0,1,1,1,1,NA
2025-06-27T00:00:00Z,GP6C,6.51,NA,NA,agroecology,NA,3644.4,0,1,0,1,1,1,1,NA
2025-07-11T00:00:00Z,GP6C,6.51,NA,NA,agroecology,NA,3897.2,0,1,0,1,1,1,1,NA
2025-07-20T00:00:00Z,GP6C,6.51,6.51,1,day_in,brood,3916,0,2,0,2,2,2,1,2
2025-07-22T00:00:00Z,GP6C,6.51,6.51,1,day_out,brood,3162,0,2,0,2,2,2,2,2
2025-07-29T00:00:00Z,GP6C,NA,NA,NA,mow_in,NA,NA,0,2,1,3,2,2,2,NA
2025-07-31T00:00:00Z,GP6C,6.51,NA,NA,agroecology,NA,2712,0,2,1,3,2,2,3,NA
2025-08-15T00:00:00Z,GP6C,6.51,NA,NA,agroecology,NA,2894,0,2,1,3,2,2,3,NA
2025-08-25T00:00:00Z,GP6C,6.51,NA,NA,agroecology,NA,2743.8,0,2,1,3,2,2,3,NA
2025-09-17T00:00:00Z,GP6C,6.51,NA,NA,agroecology,NA,3249.4,0,2,1,3,2,2,3,NA
2025-09-24T00:00:00Z,GP6C,6.51,6.51,1,day_in,brood,3552,0,3,1,4,3,3,3,1
2025-09-25T00:00:00Z,GP6C,6.51,6.51,1,day_out,brood,2138,0,3,1,4,3,3,4,1
2025-10-06T00:00:00Z,GP6C,6.51,NA,NA,agroecology,NA,2418,0,3,1,4,3,3,4,NA
2025-04-23T00:00:00Z,GP7,10.8,10.8,1,day_in,brood,1746,0,1,0,1,1,1,0,3
2025-04-25T00:00:00Z,GP7,10.8,NA,NA,agroecology,NA,1748.4,0,1,0,1,1,1,1,NA
2025-04-25T00:00:00Z,GP7,10.8,NA,NA,agroecology,NA,1527.2,0,1,0,1,1,1,1,NA
2025-04-25T00:00:00Z,GP7,10.8,NA,NA,agroecology,NA,1511.4,0,1,0,1,1,1,1,NA
2025-04-26T00:00:00Z,GP7,10.8,10.8,1,day_out,brood,1498,0,1,0,1,1,1,1,3
2025-05-14T00:00:00Z,GP7,10.8,NA,NA,agroecology,NA,2159.2,0,1,0,1,1,1,0,NA
2025-05-19T00:00:00Z,GP7,10.8,NA,NA,agroecology,NA,2585.8,0,1,0,1,1,1,0,NA
2025-05-30T00:00:00Z,GP7,10.8,NA,NA,agroecology,NA,3510,0,1,0,1,1,1,0,NA
2025-06-05T00:00:00Z,GP7,10.8,NA,NA,agroecology,NA,3581.2,0,1,0,1,1,1,0,NA
2025-06-11T00:00:00Z,GP7,10.8,4,0.37037037037037035,day_in,brood,3888,0,1,0,1,1,2,0,2
2025-06-13T00:00:00Z,GP7,10.8,4,0.37037037037037035,day_out,brood,1783,0,1,0,1,1,2,1,2
2025-06-27T00:00:00Z,GP7,10.8,NA,NA,agroecology,NA,4545,0,1,0,1,1,2,0,NA
2025-07-11T00:00:00Z,GP7,10.8,NA,NA,agroecology,NA,4655.6,0,1,0,1,1,2,0,NA
2025-07-12T00:00:00Z,GP7,10.8,4,0.37037037037037035,day_in,brood,4655.6,0,1,0,1,1,3,0,4
2025-07-16T00:00:00Z,GP7,10.8,4,0.37037037037037035,day_out,brood,2068,0,1,0,1,1,3,1,4
2025-07-18T00:00:00Z,GP7,10.8,6.83,0.6324074074074074,day_in,brood,4168,0,2,0,2,2,4,1,2
2025-07-20T00:00:00Z,GP7,10.8,6.83,0.6324074074074074,day_out,brood,2922,0,2,0,2,2,4,2,2
2025-07-31T00:00:00Z,GP7,10.8,NA,NA,agroecology,NA,2922,0,2,0,2,2,4,2,NA
2025-08-15T00:00:00Z,GP7,10.8,NA,NA,agroecology,NA,2614,0,2,0,2,2,4,2,NA
2025-08-25T00:00:00Z,GP7,10.8,NA,NA,agroecology,NA,2838.6,0,2,0,2,2,4,2,NA
2025-09-17T00:00:00Z,GP7,10.8,NA,NA,agroecology,NA,3138.8,0,2,0,2,2,4,2,NA
2025-09-18T00:00:00Z,GP7,10.8,10.8,1,day_in,brood,3142,0,3,0,3,3,5,2,6
2025-09-24T00:00:00Z,GP7,10.8,10.8,1,day_out,brood,2243,0,3,0,3,3,5,3,6
2025-10-06T00:00:00Z,GP7,10.8,NA,NA,agroecology,NA,2166,0,3,0,3,3,5,3,NA
2025-11-04T00:00:00Z,GP7,10.8,10.8,1,day_in,brood,2166,0,4,0,4,4,6,3,5
2025-11-09T00:00:00Z,GP7,10.8,10.8,1,day_out,brood,NA,0,4,0,4,4,6,4,5
2025-06-27T00:00:00Z,GP7A,2.3,NA,NA,agroecology,NA,3518,0,0,0,0,0,0,NA,NA
2025-07-11T00:00:00Z,GP7A,2.3,NA,NA,agroecology,NA,3138.8,0,0,0,0,0,0,NA,NA
2025-07-31T00:00:00Z,GP7A,2.3,NA,NA,agroecology,NA,3034,0,0,0,0,0,0,NA,NA
2025-08-15T00:00:00Z,GP7A,2.3,NA,NA,agroecology,NA,3076,0,0,0,0,0,0,NA,NA
2025-08-25T00:00:00Z,GP7A,2.3,NA,NA,agroecology,NA,2728,0,0,0,0,0,0,NA,NA
2025-09-17T00:00:00Z,GP7A,2.3,NA,NA,agroecology,NA,3170.4,0,0,0,0,0,0,NA,NA
2025-10-06T00:00:00Z,GP7A,2.3,NA,NA,agroecology,NA,3104,0,0,0,0,0,0,NA,NA
2025-04-25T00:00:00Z,GP8A,8.64,NA,NA,agroecology,NA,1764.2,0,0,0,0,0,0,0,NA
2025-04-26T00:00:00Z,GP8A,8.64,8.64,1,day_in,brood,1829,0,1,0,1,1,1,0,2
2025-04-28T00:00:00Z,GP8A,8.64,8.64,1,day_out,brood,1390,0,1,0,1,1,1,1,2
2025-05-12T00:00:00Z,GP8A,8.64,NA,NA,agroecology,NA,2190.8,0,1,0,1,1,1,1,NA
2025-06-11T00:00:00Z,GP8A,8.64,NA,NA,agroecology,NA,3510,0,1,0,1,1,1,1,NA
2025-06-27T00:00:00Z,GP8A,8.64,NA,NA,agroecology,NA,3976.2,0,1,0,1,1,1,1,NA
2025-07-11T00:00:00Z,GP8A,8.64,NA,NA,agroecology,NA,4071,0,1,0,1,1,1,1,NA
2025-07-16T00:00:00Z,GP8A,8.64,8.64,1,day_in,brood,4071,0,2,0,2,2,2,1,2
2025-07-18T00:00:00Z,GP8A,8.64,8.64,1,day_out,brood,2012,0,2,0,2,2,2,2,2
2025-07-31T00:00:00Z,GP8A,8.64,NA,NA,agroecology,NA,2012,0,2,0,2,2,2,2,NA
2025-08-15T00:00:00Z,GP8A,8.64,NA,NA,agroecology,NA,2502,0,2,0,2,2,2,2,NA
2025-08-26T00:00:00Z,GP8A,8.64,NA,NA,agroecology,NA,1938,0,2,0,2,2,2,2,NA
2025-09-12T00:00:00Z,GP8A,8.64,8.64,1,day_in,brood,2558,0,3,0,3,3,3,2,4
2025-09-16T00:00:00Z,GP8A,8.64,8.64,1,day_out,brood,0,0,3,0,3,3,3,3,4
2025-09-17T00:00:00Z,GP8A,8.64,NA,NA,agroecology,NA,1511.4,0,3,0,3,3,3,3,NA
2025-10-06T00:00:00Z,GP8A,8.64,NA,NA,agroecology,NA,2166,0,3,0,3,3,3,3,NA
2025-04-25T00:00:00Z,GP8B,3.4,NA,NA,agroecology,NA,2159.2,0,0,0,0,0,0,0,NA
2025-04-25T00:00:00Z,GP8B,3.4,NA,NA,agroecology,NA,2238.2,0,0,0,0,0,0,0,NA
2025-04-28T00:00:00Z,GP8B,3.4,3.4,1,day_in,brood,2320,0,1,0,1,1,1,0,3
2025-05-01T00:00:00Z,GP8B,3.4,3.4,1,day_out,brood,2033,0,1,0,1,1,1,1,3
2025-05-12T00:00:00Z,GP8B,3.4,NA,NA,agroecology,NA,2285.6,0,1,0,1,1,1,1,NA
2025-06-11T00:00:00Z,GP8B,3.4,NA,NA,agroecology,NA,3804,0,1,0,1,1,1,1,NA
2025-06-27T00:00:00Z,GP8B,3.4,NA,NA,agroecology,NA,4434.4,0,1,0,1,1,1,1,NA
2025-07-11T00:00:00Z,GP8B,3.4,NA,NA,agroecology,NA,4213.2,0,1,0,1,1,1,1,NA
2025-07-31T00:00:00Z,GP8B,3.4,NA,NA,agroecology,NA,4126,0,1,0,1,1,1,1,NA
2025-08-15T00:00:00Z,GP8B,3.4,NA,NA,agroecology,NA,3734,0,1,0,1,1,1,1,NA
2025-08-26T00:00:00Z,GP8B,3.4,NA,NA,agroecology,NA,4150,0,1,0,1,1,1,1,NA
2025-08-27T00:00:00Z,GP8B,NA,NA,NA,hay_in,hay,3217.8,1,1,0,2,2,2,1,NA
2025-09-17T00:00:00Z,GP8B,3.4,NA,NA,agroecology,NA,2285.6,1,1,0,2,2,2,1,NA
2025-10-06T00:00:00Z,GP8B,3.4,NA,NA,agroecology,NA,2810,1,1,0,2,2,2,1,NA
2025-09-16T00:00:00Z,GP8C,3.75,3.75,1,day_in,brood,NA,0,1,0,1,1,1,0,2
2025-09-18T00:00:00Z,GP8C,3.75,3.75,1,day_out,brood,1914,0,1,0,1,1,1,1,2
2025-04-24T00:00:00Z,Horse,3.7,NA,NA,agroecology,NA,2080.2,0,0,0,0,0,0,0,NA
2025-05-09T00:00:00Z,Horse,3.7,NA,NA,agroecology,NA,3944.6,0,0,0,0,0,0,0,NA
2025-05-11T00:00:00Z,Horse,3.7,3.7,1,day_in,feeders,3776,0,1,0,1,1,1,0,9
2025-05-20T00:00:00Z,Horse,3.7,3.7,1,day_out,feeders,2538.4,0,1,0,1,1,1,1,9
2025-05-21T00:00:00Z,Horse,3.7,NA,NA,agroecology,NA,2538.4,0,1,0,1,1,1,1,NA
2025-06-10T00:00:00Z,Horse,3.7,NA,NA,agroecology,NA,4039.4,0,1,0,1,1,1,1,NA
2025-06-11T00:00:00Z,Horse,3.7,NA,NA,agroecology,NA,3902,0,1,0,1,1,1,1,NA
2025-06-27T00:00:00Z,Horse,3.7,NA,NA,agroecology,NA,4260.6,0,1,0,1,1,1,1,NA
2025-06-28T00:00:00Z,Horse,3.7,3.7,1,day_in,feeders,4042,0,2,0,2,2,2,1,9
2025-07-07T00:00:00Z,Horse,3.7,3.7,1,day_out,feeders,3342,0,2,0,2,2,2,2,9
2025-07-15T00:00:00Z,Horse,3.7,NA,NA,agroecology,NA,2759.6,0,2,0,2,2,2,2,NA
2025-07-31T00:00:00Z,Horse,3.7,NA,NA,agroecology,NA,3118,0,2,0,2,2,2,2,NA
2025-08-15T00:00:00Z,Horse,3.7,NA,NA,agroecology,NA,3944,0,2,0,2,2,2,2,NA
2025-08-28T00:00:00Z,Horse,3.7,NA,NA,agroecology,NA,3375.8,0,2,0,2,2,2,2,NA
2025-09-02T00:00:00Z,Horse,3.7,2.8,0.7567567567567567,day_in,feeders,3375.8,0,3,0,3,3,3,2,6
2025-09-08T00:00:00Z,Horse,3.7,2.8,0.7567567567567567,day_out,feeders,1928,0,3,0,3,3,3,3,6
2025-09-12T00:00:00Z,Horse,3.7,NA,NA,agroecology,NA,2459.4,0,3,0,3,3,3,3,NA
2025-10-01T00:00:00Z,Horse,3.7,NA,NA,agroecology,NA,3104,0,3,0,3,3,3,3,NA
2025-05-12T00:00:00Z,Jimmy's,2.46,NA,NA,agroecology,NA,2712.2,0,0,0,0,0,0,0,NA
2025-06-02T00:00:00Z,Jimmy's,2.46,NA,NA,agroecology,NA,2775.4,0,0,0,0,0,0,0,NA
2025-06-11T00:00:00Z,Jimmy's,2.46,NA,NA,agroecology,NA,3258,0,0,0,0,0,0,0,NA
2025-06-23T00:00:00Z,Jimmy's,2.46,3,1,hay_in,hay,3258,1,0,0,1,1,1,0,NA
2025-06-25T00:00:00Z,Jimmy's,2.46,3,1,hay_out,hay,1574.6,1,0,0,1,1,1,1,NA
2025-06-27T00:00:00Z,Jimmy's,2.46,NA,NA,agroecology,NA,1574.6,1,0,0,1,1,1,1,NA
2025-07-14T00:00:00Z,Jimmy's,2.46,NA,NA,agroecology,NA,2238.2,1,0,0,1,1,1,1,NA
2025-08-15T00:00:00Z,Jimmy's,2.46,NA,NA,agroecology,NA,2824,1,0,0,1,1,1,1,NA
2025-08-26T00:00:00Z,Jimmy's,2.46,NA,NA,agroecology,NA,2822.8,1,0,0,1,1,1,1,NA
2025-09-12T00:00:00Z,Jimmy's,2.46,NA,NA,agroecology,NA,2712.2,1,0,0,1,1,1,1,NA
2025-09-29T00:00:00Z,Jimmy's,2.46,3,1,hay_in,hay,2712.2,2,0,0,2,2,2,1,NA
2025-10-01T00:00:00Z,Jimmy's,2.46,3,1,hay_out,hay,NA,2,0,0,2,2,2,2,NA
2025-10-06T00:00:00Z,Jimmy's,2.46,NA,NA,agroecology,NA,2012,2,0,0,2,2,2,2,NA
2025-04-30T00:00:00Z,Lamson Hill,4.66,NA,NA,agroecology,NA,2032.8,0,0,0,0,0,0,0,NA
2025-05-12T00:00:00Z,Lamson Hill,4.66,NA,NA,agroecology,NA,2285.6,0,0,0,0,0,0,0,NA
2025-06-02T00:00:00Z,Lamson Hill,4.66,NA,NA,agroecology,NA,2933.4,0,0,0,0,0,0,0,NA
2025-06-11T00:00:00Z,Lamson Hill,4.66,NA,NA,agroecology,NA,3286,0,0,0,0,0,0,0,NA
2025-06-27T00:00:00Z,Lamson Hill,4.66,NA,NA,agroecology,NA,3439,0,0,0,0,0,0,0,NA
2025-07-11T00:00:00Z,Lamson Hill,4.66,NA,NA,agroecology,NA,3660.2,0,0,0,0,0,0,0,NA
2025-07-31T00:00:00Z,Lamson Hill,4.66,NA,NA,agroecology,NA,3300,0,0,0,0,0,0,0,NA
2025-08-11T00:00:00Z,Lamson Hill,NA,NA,NA,hay_in,hay,2649,1,0,0,1,1,1,0,NA
2025-08-15T00:00:00Z,Lamson Hill,4.66,NA,NA,agroecology,NA,1998,1,0,0,1,1,1,0,NA
2025-08-26T00:00:00Z,Lamson Hill,4.66,NA,NA,agroecology,NA,2080.2,1,0,0,1,1,1,0,NA
2025-09-17T00:00:00Z,Lamson Hill,4.66,NA,NA,agroecology,NA,2617.4,1,0,0,1,1,1,0,NA
2025-10-06T00:00:00Z,Lamson Hill,4.66,NA,NA,agroecology,NA,2670,1,0,0,1,1,1,0,NA
2025-04-30T00:00:00Z,Lamson Middle,9.5,NA,NA,agroecology,NA,2254,0,0,0,0,0,0,0,NA
2025-05-12T00:00:00Z,Lamson Middle,9.5,NA,NA,agroecology,NA,2491,0,0,0,0,0,0,0,NA
2025-06-02T00:00:00Z,Lamson Middle,9.5,NA,NA,agroecology,NA,3360,0,0,0,0,0,0,0,NA
2025-06-11T00:00:00Z,Lamson Middle,9.5,NA,NA,agroecology,NA,3118,0,0,0,0,0,0,0,NA
2025-06-27T00:00:00Z,Lamson Middle,9.5,NA,NA,agroecology,NA,4371.2,0,0,0,0,0,0,0,NA
2025-07-11T00:00:00Z,Lamson Middle,9.5,NA,NA,agroecology,NA,4308,0,0,0,0,0,0,0,NA
2025-07-13T00:00:00Z,Lamson Middle,NA,NA,NA,hay_in,hay,4308,1,0,0,1,1,1,0,NA
2025-07-15T00:00:00Z,Lamson Middle,9.5,10,NA,hay_in,hay,NA,2,0,0,2,2,2,1,NA
2025-07-17T00:00:00Z,Lamson Middle,9.5,10,NA,hay_out,hay,2544,2,0,0,2,2,2,2,NA
2025-07-31T00:00:00Z,Lamson Middle,9.5,NA,NA,agroecology,NA,2544,2,0,0,2,2,2,2,NA
2025-08-15T00:00:00Z,Lamson Middle,9.5,NA,NA,agroecology,NA,2320,2,0,0,2,2,2,2,NA
2025-08-26T00:00:00Z,Lamson Middle,9.5,NA,NA,agroecology,NA,2459.4,2,0,0,2,2,2,2,NA
2025-09-17T00:00:00Z,Lamson Middle,9.5,NA,NA,agroecology,NA,2791.2,2,0,0,2,2,2,2,NA
2025-10-04T00:00:00Z,Lamson Middle,9.5,10,NA,hay_in,hay,2791.2,3,0,0,3,3,3,2,NA
2025-10-06T00:00:00Z,Lamson Middle,9.5,NA,NA,agroecology,NA,2362,3,0,0,3,3,3,3,NA
2025-10-06T00:00:00Z,Lamson Middle,9.5,10,NA,hay_out,hay,NA,3,0,0,3,3,3,3,NA
2025-04-30T00:00:00Z,Lamson North,5.8,NA,NA,agroecology,NA,2285.6,0,0,0,0,0,0,0,NA
2025-05-12T00:00:00Z,Lamson North,5.8,NA,NA,agroecology,NA,2854.4,0,0,0,0,0,0,0,NA
2025-06-02T00:00:00Z,Lamson North,5.8,NA,NA,agroecology,NA,3344.2,0,0,0,0,0,0,0,NA
2025-06-03T00:00:00Z,Lamson North,5.8,6,1,hay_in,hay,3344.2,1,0,0,1,1,1,0,NA
2025-06-05T00:00:00Z,Lamson North,5.8,6,1,hay_out,hay,2376,1,0,0,1,1,1,1,NA
2025-06-11T00:00:00Z,Lamson North,5.8,NA,NA,agroecology,NA,2376,1,0,0,1,1,1,1,NA
2025-06-27T00:00:00Z,Lamson North,5.8,NA,NA,agroecology,NA,3075.6,1,0,0,1,1,1,1,NA
2025-07-11T00:00:00Z,Lamson North,5.8,NA,NA,agroecology,NA,3170.4,1,0,0,1,1,1,1,NA
2025-07-31T00:00:00Z,Lamson North,5.8,NA,NA,agroecology,NA,3188,1,0,0,1,1,1,1,NA
2025-08-11T00:00:00Z,Lamson North,5.8,6,1,hay_in,hay,3188,2,0,0,2,2,2,1,NA
2025-08-13T00:00:00Z,Lamson North,5.8,6,1,hay_out,hay,2236,2,0,0,2,2,2,2,NA
2025-08-15T00:00:00Z,Lamson North,5.8,NA,NA,agroecology,NA,2236,2,0,0,2,2,2,2,NA
2025-08-26T00:00:00Z,Lamson North,5.8,NA,NA,agroecology,NA,2175,2,0,0,2,2,2,2,NA
2025-09-17T00:00:00Z,Lamson North,5.8,NA,NA,agroecology,NA,2633.2,2,0,0,2,2,2,2,NA
2025-10-06T00:00:00Z,Lamson North,5.8,NA,NA,agroecology,NA,2698,2,0,0,2,2,2,2,NA
2025-04-30T00:00:00Z,Leo's,7,NA,NA,agroecology,NA,1811.6,0,0,0,0,0,0,0,NA
2025-05-12T00:00:00Z,Leo's,7,NA,NA,agroecology,NA,2791.2,0,0,0,0,0,0,0,NA
2025-06-02T00:00:00Z,Leo's,7,NA,NA,agroecology,NA,4134.2,0,0,0,0,0,0,0,NA
2025-06-03T00:00:00Z,Leo's,7,7,1,hay_in,hay,4134.2,1,0,0,1,1,1,0,NA
2025-06-05T00:00:00Z,Leo's,7,7,1,hay_out,hay,2292,1,0,0,1,1,1,1,NA
2025-06-11T00:00:00Z,Leo's,7,NA,NA,agroecology,NA,2292,1,0,0,1,1,1,1,NA
2025-06-27T00:00:00Z,Leo's,7,NA,NA,agroecology,NA,3439,1,0,0,1,1,1,1,NA
2025-07-11T00:00:00Z,Leo's,7,NA,NA,agroecology,NA,3881.4,1,0,0,1,1,1,1,NA
2025-07-28T00:00:00Z,Leo's,7,7,1,hay_in,hay,3881.4,2,0,0,2,2,2,1,NA
2025-07-30T00:00:00Z,Leo's,7,7,1,hay_out,hay,2082,2,0,0,2,2,2,2,NA
2025-07-31T00:00:00Z,Leo's,7,NA,NA,agroecology,NA,2082,2,0,0,2,2,2,2,NA
2025-08-15T00:00:00Z,Leo's,7,NA,NA,agroecology,NA,2054,2,0,0,2,2,2,2,NA
2025-08-25T00:00:00Z,Leo's,7,NA,NA,agroecology,NA,2364.6,2,0,0,2,2,2,2,NA
2025-09-17T00:00:00Z,Leo's,7,NA,NA,agroecology,NA,2728,2,0,0,2,2,2,2,NA
2025-10-06T00:00:00Z,Leo's,7,NA,NA,agroecology,NA,2838,2,0,0,2,2,2,2,NA
2025-11-09T00:00:00Z,Leo's,7,7,1,day_in,NA,2838,2,1,0,3,3,3,2,5
2025-11-09T00:00:00Z,Leo's,7,7,1,day_in,brood,NA,2,2,0,4,4,4,3,5
2025-11-14T00:00:00Z,Leo's,7,7,1,day_out,NA,NA,2,1,0,3,3,3,3,5
2025-11-14T00:00:00Z,Leo's,7,7,1,day_out,brood,NA,2,2,0,4,4,4,4,5
2025-06-03T00:00:00Z,Leos,NA,NA,NA,hay_in,hay,NA,1,0,0,1,1,1,0,NA
2025-07-28T00:00:00Z,Leos,NA,NA,NA,hay_in,hay,NA,2,0,0,2,2,2,1,NA
2025-11-09T00:00:00Z,Leos,NA,NA,NA,day_in,NA,NA,2,0,0,2,2,3,1,2
2025-09-06T00:00:00Z,Long Meadow,13.22,13.22,1,day_in,brood,5442,0,1,0,1,1,1,0,6
2025-09-12T00:00:00Z,Long Meadow,13.22,13.22,1,day_out,brood,2600,0,1,0,1,1,1,1,6
2025-04-30T00:00:00Z,Lower Barberry,1.88,NA,NA,agroecology,NA,2633.2,0,0,0,0,0,0,0,NA
2025-05-09T00:00:00Z,Lower Barberry,1.88,NA,NA,agroecology,NA,3423.2,0,0,0,0,0,0,0,NA
2025-05-21T00:00:00Z,Lower Barberry,1.88,NA,NA,agroecology,NA,4750.4,0,0,0,0,0,0,0,NA
2025-06-10T00:00:00Z,Lower Barberry,1.88,1.88,1,day_in,feeders,5750,0,1,0,1,1,1,0,3
2025-06-13T00:00:00Z,Lower Barberry,1.88,1.88,1,day_out,feeders,2894,0,1,0,1,1,1,1,3
2025-06-27T00:00:00Z,Lower Barberry,1.88,NA,NA,agroecology,NA,4181.6,0,1,0,1,1,1,1,NA
2025-07-15T00:00:00Z,Lower Barberry,1.88,NA,NA,agroecology,NA,5034.8,0,1,0,1,1,1,1,NA
2025-07-31T00:00:00Z,Lower Barberry,1.88,NA,NA,agroecology,NA,4714,0,1,0,1,1,1,1,NA
2025-08-03T00:00:00Z,Lower Barberry,1.88,1.88,1,day_in,feeders,4714,0,2,0,2,2,2,1,3
2025-08-06T00:00:00Z,Lower Barberry,1.88,1.88,1,day_out,feeders,NA,0,2,0,2,2,2,2,3
2025-08-06T00:00:00Z,Lower Barberry,NA,NA,NA,mow_in,NA,NA,0,2,1,3,2,2,2,NA
2025-08-15T00:00:00Z,Lower Barberry,1.88,NA,NA,agroecology,NA,2908,0,2,1,3,2,2,3,NA
2025-08-26T00:00:00Z,Lower Barberry,1.88,NA,NA,agroecology,NA,2886,0,2,1,3,2,2,3,NA
2025-09-12T00:00:00Z,Lower Barberry,1.88,NA,NA,agroecology,NA,3233.6,0,2,1,3,2,2,3,NA
2025-10-01T00:00:00Z,Lower Barberry,1.88,NA,NA,agroecology,NA,3272,0,2,1,3,2,2,3,NA
2025-10-13T00:00:00Z,Lower Barberry,1.88,1.88,1,day_in,feeders,3272,0,3,1,4,3,3,3,3
2025-10-16T00:00:00Z,Lower Barberry,1.88,1.88,1,day_out,feeders,NA,0,3,1,4,3,3,4,3
2025-04-24T00:00:00Z,Lower Home,1.06,NA,NA,agroecology,NA,1985.4,0,0,0,0,0,0,0,NA
2025-05-20T00:00:00Z,Lower Home,1.06,1.06,1,day_in,feeders,NA,0,1,0,1,1,1,0,3
2025-05-21T00:00:00Z,Lower Home,NA,NA,NA,mow_in,NA,NA,0,1,1,2,1,1,1,NA
2025-05-23T00:00:00Z,Lower Home,1.06,1.06,1,day_out,feeders,NA,0,1,1,2,1,1,2,3
2025-07-07T00:00:00Z,Lower Home,1.06,1.06,1,day_in,feeders,NA,0,2,1,3,2,2,2,3
2025-07-10T00:00:00Z,Lower Home,1.06,1.06,1,day_out,feeders,2152,0,2,1,3,2,2,3,3
2025-09-08T00:00:00Z,Lower Home,1.06,1.06,1,day_in,feeders,2390,0,3,1,4,3,3,3,2
2025-09-10T00:00:00Z,Lower Home,1.06,1.06,1,day_out,feeders,2012,0,3,1,4,3,3,4,2
2025-04-24T00:00:00Z,Lower Sunset,6,NA,NA,agroecology,NA,1464,0,0,0,0,0,0,0,NA
2025-05-06T00:00:00Z,Lower Sunset,6,6,1,day_in,feeders,3902,0,1,0,1,1,1,0,4
2025-05-09T00:00:00Z,Lower Sunset,6,NA,NA,agroecology,NA,2475.2,0,1,0,1,1,1,1,NA
2025-05-10T00:00:00Z,Lower Sunset,6,6,1,day_out,feeders,2728,0,1,0,1,1,1,1,4
2025-05-21T00:00:00Z,Lower Sunset,6,NA,NA,agroecology,NA,2980.8,0,1,0,1,1,1,1,NA
2025-06-10T00:00:00Z,Lower Sunset,6,NA,NA,agroecology,NA,4545,0,1,0,1,1,1,1,NA
2025-06-11T00:00:00Z,Lower Sunset,6,NA,NA,agroecology,NA,4350,0,1,0,1,1,1,1,NA
2025-06-27T00:00:00Z,Lower Sunset,6,NA,NA,agroecology,NA,5524.6,0,1,0,1,1,1,1,NA
2025-07-15T00:00:00Z,Lower Sunset,6,NA,NA,agroecology,NA,5809,0,1,0,1,1,1,1,NA
2025-07-28T00:00:00Z,Lower Sunset,6,6,1,hay_in,hay,5809,1,1,0,2,2,2,1,NA
2025-07-30T00:00:00Z,Lower Sunset,6,6,1,hay_out,hay,2768,1,1,0,2,2,2,2,NA
2025-07-31T00:00:00Z,Lower Sunset,6,NA,NA,agroecology,NA,2768,1,1,0,2,2,2,2,NA
2025-08-15T00:00:00Z,Lower Sunset,6,NA,NA,agroecology,NA,2894,1,1,0,2,2,2,2,NA
2025-08-28T00:00:00Z,Lower Sunset,6,NA,NA,agroecology,NA,3138.8,1,1,0,2,2,2,2,NA
2025-09-12T00:00:00Z,Lower Sunset,6,NA,NA,agroecology,NA,3486.4,1,1,0,2,2,2,2,NA
2025-10-01T00:00:00Z,Lower Sunset,6,NA,NA,agroecology,NA,3370,1,1,0,2,2,2,2,NA
2025-11-14T00:00:00Z,Lower Sunset,6,6,1,day_in,feeders,3384,1,2,0,3,3,3,2,7
2025-11-21T00:00:00Z,Lower Sunset,6,6,1,day_out,feeders,NA,1,2,0,3,3,3,3,7
2025-04-24T00:00:00Z,Lower Triangle,2.3,NA,NA,agroecology,NA,1606.2,0,0,0,0,0,0,0,NA
2025-05-09T00:00:00Z,Lower Triangle,2.3,NA,NA,agroecology,NA,2775.4,0,0,0,0,0,0,0,NA
2025-05-21T00:00:00Z,Lower Triangle,2.3,NA,NA,agroecology,NA,3344.2,0,0,0,0,0,0,0,NA
2025-05-23T00:00:00Z,Lower Triangle,2.3,2.3,1,day_in,feeders,3344.2,0,1,0,1,1,1,0,4
2025-05-27T00:00:00Z,Lower Triangle,2.3,2.3,1,day_out,feeders,1970,0,1,0,1,1,1,1,4
2025-06-10T00:00:00Z,Lower Triangle,2.3,NA,NA,agroecology,NA,2285.6,0,1,0,1,1,1,1,NA
2025-06-11T00:00:00Z,Lower Triangle,2.3,NA,NA,agroecology,NA,2348,0,1,0,1,1,1,1,NA
2025-06-27T00:00:00Z,Lower Triangle,2.3,NA,NA,agroecology,NA,3170.4,0,1,0,1,1,1,1,NA
2025-07-10T00:00:00Z,Lower Triangle,2.3,2.3,1,day_in,feeders,4658,0,2,0,2,2,2,1,3
2025-07-13T00:00:00Z,Lower Triangle,2.3,2.3,1,day_out,feeders,2333,0,2,0,2,2,2,2,3
2025-07-15T00:00:00Z,Lower Triangle,2.3,NA,NA,agroecology,NA,2333,0,2,0,2,2,2,2,NA
2025-07-31T00:00:00Z,Lower Triangle,2.3,NA,NA,agroecology,NA,3230,0,2,0,2,2,2,2,NA
2025-08-15T00:00:00Z,Lower Triangle,2.3,NA,NA,agroecology,NA,3566,0,2,0,2,2,2,2,NA
2025-08-28T00:00:00Z,Lower Triangle,2.3,NA,NA,agroecology,NA,3138.8,0,2,0,2,2,2,2,NA
2025-09-10T00:00:00Z,Lower Triangle,2.3,2.3,1,day_in,feeders,2465,0,3,0,3,3,3,2,3
2025-09-12T00:00:00Z,Lower Triangle,2.3,NA,NA,agroecology,NA,2712.2,0,3,0,3,3,3,3,NA
2025-09-13T00:00:00Z,Lower Triangle,2.3,2.3,1,day_out,feeders,1930,0,3,0,3,3,3,3,3
2025-10-01T00:00:00Z,Lower Triangle,2.3,NA,NA,agroecology,NA,3048,0,3,0,3,3,3,3,NA
2025-05-09T00:00:00Z,Lower Underhill,2.31,NA,NA,agroecology,NA,3107.2,0,0,0,0,0,0,0,NA
2025-05-21T00:00:00Z,Lower Underhill,2.31,NA,NA,agroecology,NA,4861,0,0,0,0,0,0,0,NA
2025-06-13T00:00:00Z,Lower Underhill,2.31,2.31,1,day_in,feeders,6338,0,1,0,1,1,1,0,3
2025-06-16T00:00:00Z,Lower Underhill,2.31,2.31,1,day_out,feeders,2980.8,0,1,0,1,1,1,1,3
2025-06-27T00:00:00Z,Lower Underhill,2.31,NA,NA,agroecology,NA,2980.8,0,1,0,1,1,1,1,NA
2025-07-15T00:00:00Z,Lower Underhill,2.31,NA,NA,agroecology,NA,4845.2,0,1,0,1,1,1,1,NA
2025-07-30T00:00:00Z,Lower Underhill,2.31,2.31,1,day_in,feeders,5568,0,2,0,2,2,2,1,4
2025-07-31T00:00:00Z,Lower Underhill,2.31,NA,NA,agroecology,NA,5568,0,2,0,2,2,2,2,NA
2025-08-03T00:00:00Z,Lower Underhill,2.31,2.31,1,day_out,feeders,4203,0,2,0,2,2,2,2,4
2025-08-15T00:00:00Z,Lower Underhill,2.31,NA,NA,agroecology,NA,2838,0,2,0,2,2,2,2,NA
2025-08-26T00:00:00Z,Lower Underhill,2.31,NA,NA,agroecology,NA,2759.6,0,2,0,2,2,2,2,NA
2025-09-12T00:00:00Z,Lower Underhill,2.31,NA,NA,agroecology,NA,3502.2,0,2,0,2,2,2,2,NA
2025-10-01T00:00:00Z,Lower Underhill,2.31,NA,NA,agroecology,NA,3608,0,2,0,2,2,2,2,NA
2025-05-12T00:00:00Z,POW East,3.71,NA,NA,agroecology,NA,2364.6,0,0,0,0,0,0,0,NA
2025-06-02T00:00:00Z,POW East,3.71,NA,NA,agroecology,NA,3249.4,0,0,0,0,0,0,0,NA
2025-06-11T00:00:00Z,POW East,3.71,NA,NA,agroecology,NA,3524,0,0,0,0,0,0,0,NA
2025-06-23T00:00:00Z,POW East,3.71,3.7,0.9973045822102427,hay_in,hay,3524,1,0,0,1,1,1,0,NA
2025-06-25T00:00:00Z,POW East,3.71,3.7,0.9973045822102427,hay_out,hay,1953.8,1,0,0,1,1,1,1,NA
2025-06-27T00:00:00Z,POW East,3.71,NA,NA,agroecology,NA,1953.8,1,0,0,1,1,1,1,NA
2025-07-14T00:00:00Z,POW East,3.71,NA,NA,agroecology,NA,2570,1,0,0,1,1,1,1,NA
2025-08-15T00:00:00Z,POW East,3.71,NA,NA,agroecology,NA,3510,1,0,0,1,1,1,1,NA
2025-08-26T00:00:00Z,POW East,3.71,NA,NA,agroecology,NA,3154.6,1,0,0,1,1,1,1,NA
2025-09-12T00:00:00Z,POW East,3.71,NA,NA,agroecology,NA,3407.4,1,0,0,1,1,1,1,NA
2025-09-29T00:00:00Z,POW East,3.71,3.7,0.9973045822102427,hay_in,hay,3407.4,2,0,0,2,2,2,1,NA
2025-10-01T00:00:00Z,POW East,3.71,3.7,0.9973045822102427,hay_out,hay,NA,2,0,0,2,2,2,2,NA
2025-10-06T00:00:00Z,POW East,3.71,NA,NA,agroecology,NA,2390,2,0,0,2,2,2,2,NA
2025-05-12T00:00:00Z,POW West,3.64,NA,NA,agroecology,NA,2222.4,0,0,0,0,0,0,NA,NA
2025-06-02T00:00:00Z,POW West,3.64,NA,NA,agroecology,NA,3549.6,0,0,0,0,0,0,NA,NA
2025-06-11T00:00:00Z,POW West,3.64,NA,NA,agroecology,NA,3440,0,0,0,0,0,0,NA,NA
2025-06-27T00:00:00Z,POW West,3.64,NA,NA,agroecology,NA,3518,0,0,0,0,0,0,NA,NA
2025-07-14T00:00:00Z,POW West,3.64,NA,NA,agroecology,NA,3407.4,0,0,0,0,0,0,NA,NA
2025-08-15T00:00:00Z,POW West,3.64,NA,NA,agroecology,NA,2936,0,0,0,0,0,0,NA,NA
2025-08-26T00:00:00Z,POW West,3.64,NA,NA,agroecology,NA,3138.8,0,0,0,0,0,0,NA,NA
2025-09-12T00:00:00Z,POW West,3.64,NA,NA,agroecology,NA,3770.8,0,0,0,0,0,0,NA,NA
2025-10-06T00:00:00Z,POW West,3.64,NA,NA,agroecology,NA,3496,0,0,0,0,0,0,NA,NA
2025-04-30T00:00:00Z,Plains,21.99,NA,NA,agroecology,NA,2143.4,0,0,0,0,0,0,0,NA
2025-05-12T00:00:00Z,Plains,21.99,NA,NA,agroecology,NA,3186.2,0,0,0,0,0,0,0,NA
2025-05-30T00:00:00Z,Plains,21.99,NA,NA,agroecology,NA,4840,0,0,0,0,0,0,0,NA
2025-06-05T00:00:00Z,Plains,21.99,22,1,hay_in,hay,4840,1,0,0,1,1,1,0,NA
2025-06-07T00:00:00Z,Plains,21.99,22,1,hay_out,hay,2152,1,0,0,1,1,1,1,NA
2025-06-11T00:00:00Z,Plains,21.99,NA,NA,agroecology,NA,2152,1,0,0,1,1,1,1,NA
2025-06-27T00:00:00Z,Plains,21.99,NA,NA,agroecology,NA,3281,1,0,0,1,1,1,1,NA
2025-07-11T00:00:00Z,Plains,21.99,NA,NA,agroecology,NA,3865.6,1,0,0,1,1,1,1,NA
2025-07-25T00:00:00Z,Plains,21.99,22,1,hay_in,hay,3865.6,2,0,0,2,2,2,1,NA
2025-07-27T00:00:00Z,Plains,21.99,22,1,hay_out,hay,2390,2,0,0,2,2,2,2,NA
2025-07-31T00:00:00Z,Plains,21.99,NA,NA,agroecology,NA,2390,2,0,0,2,2,2,2,NA
2025-08-15T00:00:00Z,Plains,21.99,NA,NA,agroecology,NA,2222,2,0,0,2,2,2,2,NA
2025-08-25T00:00:00Z,Plains,21.99,NA,NA,agroecology,NA,2601.6,2,0,0,2,2,2,2,NA
2025-09-17T00:00:00Z,Plains,21.99,NA,NA,agroecology,NA,3992,2,0,0,2,2,2,2,NA
2025-10-06T00:00:00Z,Plains,21.99,NA,NA,agroecology,NA,3062,2,0,0,2,2,2,2,NA
2025-12-01T00:00:00Z,Plains,21.99,21.99,1,day_in,brood,3062,2,1,0,3,3,3,2,2
NA,Plains,21.99,21.99,1,day_out,brood,NA,2,1,0,3,3,3,3,2
2025-09-02T00:00:00Z,Plains Wet,NA,NA,NA,day_in,NA,NA,0,0,0,0,0,1,-1,2
2025-09-02T00:00:00Z,Plains Woods North,6.29,6.29,1,day_in,brood,NA,0,1,0,1,1,1,0,4
2025-09-06T00:00:00Z,Plains Woods North,6.29,6.29,1,day_out,brood,3202,0,1,0,1,1,1,1,4
2025-04-30T00:00:00Z,Playground,13.81,NA,NA,agroecology,NA,1432.4,0,0,0,0,0,0,0,NA
2025-05-12T00:00:00Z,Playground,13.81,NA,NA,agroecology,NA,2333,0,0,0,0,0,0,0,NA
2025-06-02T00:00:00Z,Playground,13.81,NA,NA,agroecology,NA,2664.8,0,0,0,0,0,0,0,NA
2025-06-11T00:00:00Z,Playground,13.81,NA,NA,agroecology,NA,2950,0,0,0,0,0,0,0,NA
2025-06-27T00:00:00Z,Playground,13.81,NA,NA,agroecology,NA,4481.8,0,0,0,0,0,0,0,NA
2025-07-11T00:00:00Z,Playground,13.81,NA,NA,agroecology,NA,4102.6,0,0,0,0,0,0,0,NA
2025-07-14T00:00:00Z,Playground,13.81,14,1,hay_in,hay,4102.6,1,0,0,1,1,1,0,NA
2025-07-16T00:00:00Z,Playground,13.81,14,1,hay_out,hay,2166,1,0,0,1,1,1,1,NA
2025-07-31T00:00:00Z,Playground,13.81,NA,NA,agroecology,NA,2166,1,0,0,1,1,1,1,NA
2025-08-15T00:00:00Z,Playground,13.81,NA,NA,agroecology,NA,2334,1,0,0,1,1,1,1,NA
2025-08-25T00:00:00Z,Playground,13.81,NA,NA,agroecology,NA,2364.6,1,0,0,1,1,1,1,NA
2025-09-17T00:00:00Z,Playground,13.81,NA,NA,agroecology,NA,2617.4,1,0,0,1,1,1,1,NA
2025-10-06T00:00:00Z,Playground,13.81,NA,NA,agroecology,NA,2600,1,0,0,1,1,1,1,NA
2025-11-14T00:00:00Z,Playground,13.81,13.81,1,day_in,brood,2600,1,1,0,2,2,2,1,11
2025-11-25T00:00:00Z,Playground,13.81,13.81,1,day_out,brood,NA,1,1,0,2,2,2,2,11
2025-04-24T00:00:00Z,Pond,5.74,NA,NA,agroecology,NA,2522.6,0,0,0,0,0,0,-1,NA
2025-05-09T00:00:00Z,Pond,5.74,NA,NA,agroecology,NA,3849.8,0,0,0,0,0,0,-1,NA
2025-05-10T00:00:00Z,Pond,5.74,0.4,0.14084507042253522,day_in,feeders,3747.1000000000004,0,0,0,0,0,1,-1,1
2025-05-11T00:00:00Z,Pond,5.74,0.4,0.14084507042253522,day_out,feeders,2278,0,0,0,0,0,1,0,1
2025-05-21T00:00:00Z,Pond,5.74,NA,NA,agroecology,NA,3644.4,0,0,0,0,0,1,-1,NA
2025-06-10T00:00:00Z,Pond,5.74,NA,NA,agroecology,NA,5635.2,0,0,0,0,0,1,-1,NA
2025-06-11T00:00:00Z,Pond,5.74,NA,NA,agroecology,NA,5316,0,0,0,0,0,1,-1,NA
2025-06-25T00:00:00Z,Pond,5.74,0.4,0.14084507042253522,day_in,feeders,4616,0,0,0,0,0,2,-1,3
2025-06-27T00:00:00Z,Pond,5.74,NA,NA,agroecology,NA,4229,0,0,0,0,0,2,0,NA
2025-06-28T00:00:00Z,Pond,5.74,0.4,0.14084507042253522,day_out,feeders,3062,0,0,0,0,0,2,0,3
2025-07-15T00:00:00Z,Pond,5.74,NA,NA,agroecology,NA,3518,0,0,0,0,0,2,0,NA
2025-07-31T00:00:00Z,Pond,5.74,NA,NA,agroecology,NA,4014,0,0,0,0,0,2,0,NA
2025-08-15T00:00:00Z,Pond,5.74,NA,NA,agroecology,NA,6240,0,0,0,0,0,2,0,NA
2025-08-28T00:00:00Z,Pond,5.74,NA,NA,agroecology,NA,4244.8,0,0,0,0,0,2,0,NA
2025-08-28T00:00:00Z,Pond,5.74,2.84,1,day_in,feeders,4244.8,0,1,0,1,1,3,0,5
2025-09-02T00:00:00Z,Pond,5.74,2.84,1,day_out,feeders,2696.4,0,1,0,1,1,3,1,5
2025-09-12T00:00:00Z,Pond,5.74,NA,NA,agroecology,NA,2696.4,0,1,0,1,1,3,1,NA
2025-10-01T00:00:00Z,Pond,5.74,NA,NA,agroecology,NA,3594,0,1,0,1,1,3,1,NA
2025-06-23T00:00:00Z,Pow East,NA,NA,NA,hay_in,hay,NA,1,0,0,1,1,1,0,NA
2025-04-24T00:00:00Z,Railroad,1.87,NA,NA,agroecology,NA,2317.2,0,0,0,0,0,0,0,NA
2025-05-09T00:00:00Z,Railroad,1.87,NA,NA,agroecology,NA,3186.2,0,0,0,0,0,0,0,NA
2025-05-21T00:00:00Z,Railroad,1.87,NA,NA,agroecology,NA,3249.4,0,0,0,0,0,0,0,NA
2025-05-27T00:00:00Z,Railroad,1.87,1.87,1,day_in,feeders,4126,0,1,0,1,1,1,0,3
2025-05-30T00:00:00Z,Railroad,1.87,1.87,1,day_out,feeders,2810,0,1,0,1,1,1,1,3
2025-06-10T00:00:00Z,Railroad,1.87,NA,NA,agroecology,NA,2538.4,0,1,0,1,1,1,1,NA
2025-06-11T00:00:00Z,Railroad,1.87,NA,NA,agroecology,NA,2572,0,1,0,1,1,1,1,NA
2025-06-27T00:00:00Z,Railroad,1.87,NA,NA,agroecology,NA,3612.8,0,1,0,1,1,1,1,NA
2025-07-13T00:00:00Z,Railroad,1.87,1.87,1,day_in,feeders,3612.8,0,2,0,2,2,2,1,3
2025-07-15T00:00:00Z,Railroad,1.87,NA,NA,agroecology,NA,2664.8,0,2,0,2,2,2,2,NA
2025-07-16T00:00:00Z,Railroad,1.87,1.87,1,day_out,feeders,2390,0,2,0,2,2,2,2,3
2025-07-31T00:00:00Z,Railroad,1.87,NA,NA,agroecology,NA,4896,0,2,0,2,2,2,2,NA
2025-08-15T00:00:00Z,Railroad,1.87,NA,NA,agroecology,NA,3384,0,2,0,2,2,2,2,NA
2025-08-28T00:00:00Z,Railroad,1.87,NA,NA,agroecology,NA,2901.8,0,2,0,2,2,2,2,NA
2025-09-12T00:00:00Z,Railroad,1.87,NA,NA,agroecology,NA,3170.4,0,2,0,2,2,2,2,NA
2025-09-17T00:00:00Z,Railroad,1.87,1.87,1,day_in,feeders,3328,0,3,0,3,3,3,2,2
2025-09-19T00:00:00Z,Railroad,1.87,1.87,1,day_out,feeders,NA,0,3,0,3,3,3,3,2
2025-10-01T00:00:00Z,Railroad,1.87,NA,NA,agroecology,NA,2838,0,3,0,3,3,3,3,NA
2025-05-01T00:00:00Z,Sunset Field,1.97,1.97,1,day_in,feeders,2005.6,0,1,0,1,1,1,0,2
2025-05-03T00:00:00Z,Sunset Field,1.97,1.97,1,day_out,feeders,1508,0,1,0,1,1,1,1,2
2025-05-09T00:00:00Z,Sunset Field,1.97,NA,NA,agroecology,NA,1543,0,1,0,1,1,1,1,NA
2025-05-12T00:00:00Z,Sunset Field,NA,NA,NA,mow_in,NA,1543,0,1,1,2,1,1,1,NA
2025-05-21T00:00:00Z,Sunset Field,1.97,NA,NA,agroecology,NA,2190.8,0,1,1,2,1,1,2,NA
2025-06-10T00:00:00Z,Sunset Field,1.97,NA,NA,agroecology,NA,2949.2,0,1,1,2,1,1,2,NA
2025-06-11T00:00:00Z,Sunset Field,1.97,NA,NA,agroecology,NA,2936,0,1,1,2,1,1,2,NA
2025-06-16T00:00:00Z,Sunset Field,1.97,1.97,1,day_in,feeders,2936,0,2,1,3,2,2,2,3
2025-06-19T00:00:00Z,Sunset Field,1.97,1.97,1,day_out,feeders,2614,0,2,1,3,2,2,3,3
2025-06-27T00:00:00Z,Sunset Field,1.97,NA,NA,agroecology,NA,2949.2,0,2,1,3,2,2,3,NA
2025-07-15T00:00:00Z,Sunset Field,1.97,NA,NA,agroecology,NA,2111.8,0,2,1,3,2,2,3,NA
2025-07-31T00:00:00Z,Sunset Field,1.97,NA,NA,agroecology,NA,2866,0,2,1,3,2,2,3,NA
2025-08-15T00:00:00Z,Sunset Field,1.97,NA,NA,agroecology,NA,3118,0,2,1,3,2,2,3,NA
2025-08-21T00:00:00Z,Sunset Field,1.97,1.97,1,day_in,feeders,3034,0,3,1,4,3,3,3,3
2025-08-24T00:00:00Z,Sunset Field,1.97,1.97,1,day_out,feeders,2765,0,3,1,4,3,3,4,3
2025-08-28T00:00:00Z,Sunset Field,1.97,NA,NA,agroecology,NA,1859,0,3,1,4,3,3,4,NA
2025-09-12T00:00:00Z,Sunset Field,1.97,NA,NA,agroecology,NA,2617.4,0,3,1,4,3,3,4,NA
2025-10-01T00:00:00Z,Sunset Field,1.97,NA,NA,agroecology,NA,3146,0,3,1,4,3,3,4,NA
2025-04-24T00:00:00Z,Sunset Hill,4.55,NA,NA,agroecology,NA,1416.6,0,0,0,0,0,0,0,NA
2025-05-03T00:00:00Z,Sunset Hill,4.55,4.55,1,day_in,feeders,2418,0,1,0,1,1,1,0,3
2025-05-06T00:00:00Z,Sunset Hill,4.55,4.55,1,day_out,feeders,2084.5,0,1,0,1,1,1,1,3
2025-05-09T00:00:00Z,Sunset Hill,4.55,NA,NA,agroecology,NA,2111.8,0,1,0,1,1,1,1,NA
2025-05-12T00:00:00Z,Sunset Hill,NA,NA,NA,mow_in,NA,2111.8,0,1,1,2,1,1,1,NA
2025-05-14T00:00:00Z,Sunset Hill,4.55,NA,NA,agroecology,NA,4734.6,0,1,1,2,1,1,2,NA
2025-05-21T00:00:00Z,Sunset Hill,4.55,NA,NA,agroecology,NA,2585.8,0,1,1,2,1,1,2,NA
2025-06-10T00:00:00Z,Sunset Hill,4.55,NA,NA,agroecology,NA,3928.8,0,1,1,2,1,1,2,NA
2025-06-11T00:00:00Z,Sunset Hill,4.55,NA,NA,agroecology,NA,3804,0,1,1,2,1,1,2,NA
2025-06-19T00:00:00Z,Sunset Hill,4.55,4.55,1,day_in,feeders,4700,0,2,1,3,2,2,2,6
2025-06-25T00:00:00Z,Sunset Hill,4.55,4.55,1,day_out,feeders,2572,0,2,1,3,2,2,3,6
2025-06-27T00:00:00Z,Sunset Hill,4.55,NA,NA,agroecology,NA,2980.8,0,2,1,3,2,2,3,NA
2025-07-15T00:00:00Z,Sunset Hill,4.55,NA,NA,agroecology,NA,2491,0,2,1,3,2,2,3,NA
2025-07-31T00:00:00Z,Sunset Hill,4.55,NA,NA,agroecology,NA,3244,0,2,1,3,2,2,3,NA
2025-08-15T00:00:00Z,Sunset Hill,4.55,NA,NA,agroecology,NA,3370,0,2,1,3,2,2,3,NA
2025-08-24T00:00:00Z,Sunset Hill,4.55,4.55,1,day_in,feeders,4546,0,3,1,4,3,3,3,4
2025-08-28T00:00:00Z,Sunset Hill,4.55,NA,NA,agroecology,NA,1938,0,3,1,4,3,3,4,NA
2025-08-28T00:00:00Z,Sunset Hill,4.55,4.55,1,day_out,feeders,2261.9,0,3,1,4,3,3,4,4
2025-09-12T00:00:00Z,Sunset Hill,4.55,NA,NA,agroecology,NA,2585.8,0,3,1,4,3,3,4,NA
2025-10-01T00:00:00Z,Sunset Hill,4.55,NA,NA,agroecology,NA,3048,0,3,1,4,3,3,4,NA
2025-11-11T00:00:00Z,Sunset Hill,4.55,4.55,1,day_in,feeders,3048,0,4,1,5,4,4,4,3
2025-11-14T00:00:00Z,Sunset Hill,4.55,4.55,1,day_out,feeders,2362,0,4,1,5,4,4,5,3
2025-04-30T00:00:00Z,Underhill,4.41,NA,NA,agroecology,NA,2380.4,0,0,0,0,0,0,0,NA
2025-05-09T00:00:00Z,Underhill,4.41,NA,NA,agroecology,NA,3170.4,0,0,0,0,0,0,0,NA
2025-05-21T00:00:00Z,Underhill,4.41,NA,NA,agroecology,NA,3976.2,0,0,0,0,0,0,0,NA
2025-06-10T00:00:00Z,Underhill,4.41,NA,NA,agroecology,NA,5113.8,0,0,0,0,0,0,0,NA
2025-06-11T00:00:00Z,Underhill,4.41,NA,NA,agroecology,NA,4854,0,0,0,0,0,0,0,NA
2025-06-27T00:00:00Z,Underhill,4.41,NA,NA,agroecology,NA,5240.2,0,0,0,0,0,0,0,NA
2025-07-15T00:00:00Z,Underhill,4.41,NA,NA,agroecology,NA,5730,0,0,0,0,0,0,0,NA
2025-07-31T00:00:00Z,Underhill,4.41,NA,NA,agroecology,NA,5022,0,0,0,0,0,0,0,NA
2025-08-06T00:00:00Z,Underhill,4.41,4.41,1,day_in,feeders,5022,0,1,0,1,1,1,0,10
2025-08-15T00:00:00Z,Underhill,4.41,NA,NA,agroecology,NA,2908,0,1,0,1,1,1,1,NA
2025-08-16T00:00:00Z,Underhill,4.41,4.41,1,day_out,feeders,2731.1,0,1,0,1,1,1,1,10
2025-08-26T00:00:00Z,Underhill,4.41,NA,NA,agroecology,NA,2554.2,0,1,0,1,1,1,1,NA
2025-09-12T00:00:00Z,Underhill,4.41,NA,NA,agroecology,NA,2664.8,0,1,0,1,1,1,1,NA
2025-10-01T00:00:00Z,Underhill,4.41,NA,NA,agroecology,NA,2516,0,1,0,1,1,1,1,NA
2025-10-25T00:00:00Z,Underhill,4.41,4.41,1,day_in,feeders,2516,0,2,0,2,2,2,1,5
2025-10-30T00:00:00Z,Underhill,4.41,4.41,1,day_out,feeders,2432,0,2,0,2,2,2,2,5
2025-08-06T00:00:00Z,Underhill Veg Perimeter,NA,NA,NA,hay_in,hay,NA,1,0,0,1,1,1,0,NA
2025-08-08T00:00:00Z,Underhill Veg Perimeter,NA,NA,NA,hay_out,hay,NA,1,0,0,1,1,1,1,NA
2025-04-30T00:00:00Z,Underhill Wet Meadow,6.9,NA,NA,agroecology,NA,2348.8,0,0,0,0,0,0,0,NA
2025-05-09T00:00:00Z,Underhill Wet Meadow,6.9,NA,NA,agroecology,NA,3755,0,0,0,0,0,0,0,NA
2025-05-21T00:00:00Z,Underhill Wet Meadow,6.9,NA,NA,agroecology,NA,4308,0,0,0,0,0,0,0,NA
2025-06-27T00:00:00Z,Underhill Wet Meadow,6.9,NA,NA,agroecology,NA,5809,0,0,0,0,0,0,0,NA
2025-07-15T00:00:00Z,Underhill Wet Meadow,6.9,NA,NA,agroecology,NA,8100,0,0,0,0,0,0,0,NA
2025-07-31T00:00:00Z,Underhill Wet Meadow,6.9,NA,NA,agroecology,NA,6002,0,0,0,0,0,0,0,NA
2025-08-06T00:00:00Z,Underhill Wet Meadow,6.9,8,1,hay_in,hay,6002,1,0,0,1,1,1,0,NA
2025-08-08T00:00:00Z,Underhill Wet Meadow,6.9,8,1,hay_out,hay,2782,1,0,0,1,1,1,1,NA
2025-08-15T00:00:00Z,Underhill Wet Meadow,6.9,NA,NA,agroecology,NA,2782,1,0,0,1,1,1,1,NA
2025-08-26T00:00:00Z,Underhill Wet Meadow,6.9,NA,NA,agroecology,NA,2775.4,1,0,0,1,1,1,1,NA
2025-09-12T00:00:00Z,Underhill Wet Meadow,6.9,NA,NA,agroecology,NA,3123,1,0,0,1,1,1,1,NA
2025-10-01T00:00:00Z,Underhill Wet Meadow,6.9,NA,NA,agroecology,NA,3356,1,0,0,1,1,1,1,NA
2025-10-30T00:00:00Z,Underhill Wet Meadow,6.9,6.9,0.8625,day_in,NA,3219,1,1,0,2,2,2,1,7
2025-10-30T00:00:00Z,Underhill Wet Meadow,6.9,6.9,1,day_in,feeders,3219,1,2,0,3,3,3,2,7
2025-11-06T00:00:00Z,Underhill Wet Meadow,6.9,6.9,0.8625,day_out,NA,NA,1,1,0,2,2,2,2,7
2025-11-06T00:00:00Z,Underhill Wet Meadow,6.9,6.9,1,day_out,feeders,NA,1,2,0,3,3,3,3,7
2025-04-24T00:00:00Z,Upper Home,0.54,NA,NA,agroecology,NA,1558.8,0,0,0,0,0,0,NA,NA
2025-05-09T00:00:00Z,Upper Triangle,4.35,NA,NA,agroecology,NA,2522.6,0,0,0,0,0,0,0,NA
2025-05-21T00:00:00Z,Upper Triangle,4.35,NA,NA,agroecology,NA,3170.4,0,0,0,0,0,0,0,NA
2025-05-26T00:00:00Z,Upper Triangle,4.35,4,0.9195402298850576,hay_in,hay,3170.4,1,0,0,1,1,1,0,NA
2025-05-28T00:00:00Z,Upper Triangle,4.35,4,0.9195402298850576,hay_out,hay,2696.4,1,0,0,1,1,1,1,NA
2025-06-10T00:00:00Z,Upper Triangle,4.35,NA,NA,agroecology,NA,2696.4,1,0,0,1,1,1,1,NA
2025-06-11T00:00:00Z,Upper Triangle,4.35,NA,NA,agroecology,NA,2712,1,0,0,1,1,1,1,NA
2025-06-27T00:00:00Z,Upper Triangle,4.35,NA,NA,agroecology,NA,2680.6,1,0,0,1,1,1,1,NA
2025-07-15T00:00:00Z,Upper Triangle,4.35,NA,NA,agroecology,NA,1748.4,1,0,0,1,1,1,1,NA
2025-07-31T00:00:00Z,Upper Triangle,4.35,NA,NA,agroecology,NA,2796,1,0,0,1,1,1,1,NA
2025-08-15T00:00:00Z,Upper Triangle,4.35,NA,NA,agroecology,NA,3174,1,0,0,1,1,1,1,NA
2025-08-28T00:00:00Z,Upper Triangle,4.35,NA,NA,agroecology,NA,2680.6,1,0,0,1,1,1,1,NA
2025-09-12T00:00:00Z,Upper Triangle,4.35,NA,NA,agroecology,NA,3075.6,1,0,0,1,1,1,1,NA
2025-09-13T00:00:00Z,Upper Triangle,4.35,4.35,1,day_in,feeders,3155,1,1,0,2,2,2,1,4
2025-09-17T00:00:00Z,Upper Triangle,4.35,4.35,1,day_out,feeders,2276,1,1,0,2,2,2,2,4
2025-10-01T00:00:00Z,Upper Triangle,4.35,NA,NA,agroecology,NA,2670,1,1,0,2,2,2,2,NA
2025-05-12T00:00:00Z,White Cottage,2.15,NA,NA,agroecology,NA,1795.8,0,0,0,0,0,0,0,NA
2025-06-02T00:00:00Z,White Cottage,2.15,NA,NA,agroecology,NA,2506.8,0,0,0,0,0,0,0,NA
2025-06-11T00:00:00Z,White Cottage,2.15,NA,NA,agroecology,NA,2838,0,0,0,0,0,0,0,NA
2025-06-23T00:00:00Z,White Cottage,2.15,2,0.9302325581395349,hay_in,hay,2838,1,0,0,1,1,1,0,NA
2025-06-25T00:00:00Z,White Cottage,2.15,2,0.9302325581395349,hay_out,hay,1653.6,1,0,0,1,1,1,1,NA
2025-06-27T00:00:00Z,White Cottage,2.15,NA,NA,agroecology,NA,1653.6,1,0,0,1,1,1,1,NA
2025-07-14T00:00:00Z,White Cottage,2.15,NA,NA,agroecology,NA,2380.4,1,0,0,1,1,1,1,NA
2025-08-15T00:00:00Z,White Cottage,2.15,NA,NA,agroecology,NA,2838,1,0,0,1,1,1,1,NA
2025-08-26T00:00:00Z,White Cottage,2.15,NA,NA,agroecology,NA,2775.4,1,0,0,1,1,1,1,NA
2025-09-12T00:00:00Z,White Cottage,2.15,NA,NA,agroecology,NA,3107.2,1,0,0,1,1,1,1,NA
2025-10-06T00:00:00Z,White Cottage,2.15,NA,NA,agroecology,NA,1984,1,0,0,1,1,1,1,NA
2025-04-24T00:00:00Z,Williams 1A,3.9,NA,NA,agroecology,NA,1748.4,0,0,0,0,0,0,0,NA
2025-05-13T00:00:00Z,Williams 1A,3.9,NA,NA,agroecology,NA,2522.6,0,0,0,0,0,0,0,NA
2025-05-21T00:00:00Z,Williams 1A,3.9,NA,NA,agroecology,NA,2759.6,0,0,0,0,0,0,0,NA
2025-06-09T00:00:00Z,Williams 1A,3.9,3,0.6,hay_in,hay,2759.6,1,0,0,1,1,1,0,NA
2025-06-10T00:00:00Z,Williams 1A,3.9,NA,NA,agroecology,NA,3423.2,1,0,0,1,1,1,1,NA
2025-06-11T00:00:00Z,Williams 1A,3.9,NA,NA,agroecology,NA,3356,1,0,0,1,1,1,1,NA
2025-06-11T00:00:00Z,Williams 1A,3.9,3,0.6,hay_out,hay,3002.5,1,0,0,1,1,1,1,NA
2025-06-27T00:00:00Z,Williams 1A,3.9,NA,NA,agroecology,NA,2649,1,0,0,1,1,1,1,NA
2025-07-15T00:00:00Z,Williams 1A,3.9,NA,NA,agroecology,NA,2759.6,1,0,0,1,1,1,1,NA
2025-07-31T00:00:00Z,Williams 1A,3.9,NA,NA,agroecology,NA,6282,1,0,0,1,1,1,1,NA
2025-08-15T00:00:00Z,Williams 1A,3.9,NA,NA,agroecology,NA,3622,1,0,0,1,1,1,1,NA
2025-08-26T00:00:00Z,Williams 1A,3.9,NA,NA,agroecology,NA,2633.2,1,0,0,1,1,1,1,NA
2025-09-02T00:00:00Z,Williams 1A,3.9,5,1,hay_in,hay,2633.2,2,0,0,2,2,2,1,NA
2025-09-04T00:00:00Z,Williams 1A,3.9,5,1,hay_out,hay,1906.4,2,0,0,2,2,2,2,NA
2025-09-12T00:00:00Z,Williams 1A,3.9,NA,NA,agroecology,NA,1906.4,2,0,0,2,2,2,2,NA
2025-10-01T00:00:00Z,Williams 1A,3.9,NA,NA,agroecology,NA,2488,2,0,0,2,2,2,2,NA
2025-06-09T00:00:00Z,Williams 1a,NA,NA,NA,hay_in,hay,NA,1,0,0,1,1,1,0,NA
2025-04-24T00:00:00Z,Williams West,8.77,NA,NA,agroecology,NA,1795.8,0,0,0,0,0,0,0,NA
2025-05-13T00:00:00Z,Williams West,8.77,NA,NA,agroecology,NA,2822.8,0,0,0,0,0,0,0,NA
2025-05-21T00:00:00Z,Williams West,8.77,NA,NA,agroecology,NA,3296.8,0,0,0,0,0,0,0,NA
2025-06-10T00:00:00Z,Williams West,8.77,NA,NA,agroecology,NA,4371.2,0,0,0,0,0,0,0,NA
2025-06-11T00:00:00Z,Williams West,8.77,NA,NA,agroecology,NA,4196,0,0,0,0,0,0,0,NA
2025-06-11T00:00:00Z,Williams West,8.77,5,0.5701254275940707,hay_in,hay,4196,1,0,0,1,1,1,0,NA
2025-06-11T00:00:00Z,Williams West,8.77,5,0.5701254275940707,hay_in,hay,NA,2,0,0,2,2,2,1,NA
2025-06-13T00:00:00Z,Williams West,8.77,5,0.5701254275940707,hay_out,hay,3028.2,2,0,0,2,2,2,2,NA
2025-06-27T00:00:00Z,Williams West,8.77,NA,NA,agroecology,NA,3028.2,2,0,0,2,2,2,2,NA
2025-07-15T00:00:00Z,Williams West,8.77,NA,NA,agroecology,NA,3391.6,2,0,0,2,2,2,2,NA
2025-07-31T00:00:00Z,Williams West,8.77,NA,NA,agroecology,NA,3776,2,0,0,2,2,2,2,NA
2025-08-03T00:00:00Z,Williams West,8.77,7,0.798175598631699,hay_in,hay,3776,3,0,0,3,3,3,2,NA
2025-08-05T00:00:00Z,Williams West,8.77,7,0.798175598631699,hay_out,hay,2852,3,0,0,3,3,3,3,NA
2025-08-15T00:00:00Z,Williams West,8.77,NA,NA,agroecology,NA,2852,3,0,0,3,3,3,3,NA
2025-08-26T00:00:00Z,Williams West,8.77,NA,NA,agroecology,NA,2506.8,3,0,0,3,3,3,3,NA
2025-09-12T00:00:00Z,Williams West,8.77,NA,NA,agroecology,NA,2965,3,0,0,3,3,3,3,NA
2025-10-01T00:00:00Z,Williams West,8.77,NA,NA,agroecology,NA,3202,3,0,0,3,3,3,3,NA
2025-11-21T00:00:00Z,Williams West,8.77,8.77,1,day_in,feeders,3202,3,1,0,4,4,4,3,4
2025-11-25T00:00:00Z,Williams West,8.77,8.77,1,day_out,feeders,NA,3,1,0,4,4,4,4,4
NA,Williams West,8.77,8.77,1,day_out,NA,NA,3,2,0,5,5,5,5,2
2025-04-30T00:00:00Z,Wilson,4.37,NA,NA,agroecology,NA,1985.4,0,0,0,0,0,0,0,NA
2025-05-09T00:00:00Z,Wilson,4.37,NA,NA,agroecology,NA,3849.8,0,0,0,0,0,0,0,NA
2025-05-21T00:00:00Z,Wilson,4.37,NA,NA,agroecology,NA,4529.2,0,0,0,0,0,0,0,NA
2025-06-10T00:00:00Z,Wilson,4.37,NA,NA,agroecology,NA,4734.6,0,0,0,0,0,0,0,NA
2025-06-11T00:00:00Z,Wilson,4.37,NA,NA,agroecology,NA,4518,0,0,0,0,0,0,0,NA
2025-06-12T00:00:00Z,Wilson,4.37,5,1,hay_in,hay,4518,1,0,0,1,1,1,0,NA
2025-06-14T00:00:00Z,Wilson,4.37,5,1,hay_out,hay,2412,1,0,0,1,1,1,1,NA
2025-06-27T00:00:00Z,Wilson,4.37,NA,NA,agroecology,NA,2412,1,0,0,1,1,1,1,NA
2025-07-15T00:00:00Z,Wilson,4.37,NA,NA,agroecology,NA,2791.2,1,0,0,1,1,1,1,NA
2025-07-31T00:00:00Z,Wilson,4.37,NA,NA,agroecology,NA,5064,1,0,0,1,1,1,1,NA
2025-08-15T00:00:00Z,Wilson,4.37,NA,NA,agroecology,NA,5876,1,0,0,1,1,1,1,NA
2025-08-19T00:00:00Z,Wilson,4.37,3,0.6,hay_in,hay,5876,2,0,0,2,2,2,1,NA
2025-08-21T00:00:00Z,Wilson,4.37,3,0.6,hay_out,hay,2522.6,2,0,0,2,2,2,2,NA
2025-08-26T00:00:00Z,Wilson,4.37,NA,NA,agroecology,NA,2522.6,2,0,0,2,2,2,2,NA
2025-09-12T00:00:00Z,Wilson,4.37,NA,NA,agroecology,NA,2917.6,2,0,0,2,2,2,2,NA
2025-10-01T00:00:00Z,Wilson,4.37,NA,NA,agroecology,NA,3258,2,0,0,2,2,2,2,NA
2025-10-19T00:00:00Z,Wilson,4.37,4,1,day_in,feeders,3258,2,1,0,3,3,3,2,6
2025-10-25T00:00:00Z,Wilson,4.37,4,1,day_out,feeders,NA,2,1,0,3,3,3,3,6
2025-08-19T00:00:00Z,Wilson Wet,NA,NA,NA,hay_in,hay,NA,1,0,0,1,1,1,0,NA
