#Plot cover is canopy cover and totals >100% because of layers,,,,,,,,,,,,,,,,,,,,,,,,,,,,,,,,,,,,,,,,,
"# In 2025 For all collectors except Jane, ""Grass"" plot cover includes all grass-like monocots like grasses, sedges, bulrushes, rushes, though 100% is max listed under ""grass"" these are often multi-layered within the plot.",,,,,,,,,,,,,,,,,,,,,,,,,,,,,,,,,,,,,,,,,
"#Jane only included true grasses in ""Grass"" cover and sedges/rushes as a separate type of cover. these should be adjusted for consistency.  one approach could be adding grass + sedge/rush, but overlapping layers could make the total grass cover > 100%. ",,,,,,,,,,,,,,,,,,,,,,,,,,,,,,,,,,,,,,,,,
"# ""Thatch"" includes mulch and non-bare but non-vegetated ground cover visible at soil level",,,,,,,,,,,,,,,,,,,,,,,,,,,,,,,,,,,,,,,,,
#,,,,,,,,,,,,,,,,,,,,,,,,,,,,,,,,,,,,,,,,,
Date,Field,Collector,ELU Name,ELU (y/n),Production (y/n),wet_area,Plot,graminoids_inclusive,invasive_grass,sedges_rushes,sedges,rushes,woody,forb_inclusive,invasive_forb,legume_forb,flowering_forb,bare,thatch,canopy,max_height_cm,multiflora,cherry,thistle,loosestrife,hawthorne,buckthorn,bedstraw,plantain,reed_canarygrass,pokeweed,barberry,dewberry,poison_ivy,honeysuckle,knapweed,milkweed,chervil,goldenrod,marsh_pea,Notes
6/11/25,Wilson,Brett,Wilson's Field,y,y,,1,90,0,0,,,0,75,0,20,5,0,20,0,69,,,,,,,,,,,,,,,,,,,,
6/11/25,Wilson,Brett,Wilson's Field,y,y,,2,90,0,5,,,0,40,0,35,5,0,15,0,63,,,,,,,,,,,,,,,,,,,,
6/11/25,Wilson,Brett,Wilson's Field,y,y,,3,100,0,20,,,0,80,0,60,25,0,10,0,58,,,,,,,,,,,,,,,,,,,,
6/11/25,Wilson,Brett,Wilson's Field,y,y,,4,100,0,0,,,0,80,0,25,60,0,15,0,87,,,,,,,,,,,,,,,,,,,,
6/11/25,Wilson,Brett,Wilson's Field,y,y,,5,100,0,0,,,0,100,5,75,40,0,5,0,71,,,,,,,,,,,,,,,,,,,,
6/11/25,Wilson,Brett,Wilson's Field,y,y,,6,100,0,80,,,10,60,0,50,40,0,10,0,100,,,,,,,,,,,,,,,,,,,,
6/11/25,Wilson,Brett,Wilson's Field,y,y,,7,100,0,0,,,0,90,0,60,30,0,5,0,82,,,,,,,,,,,,,,,,,,,,
6/11/25,Wilson,Brett,Wilson's Field,y,y,,8,90,0,0,,,0,30,0,10,25,0,5,0,93,,,,,,,,,,,,,,,,,,,,
6/11/25,Wilson,Brett,Wilson's Field,y,y,,9,75,0,0,,,10,90,0,60,50,0,5,0,82,,,,,,,,,,,,,,,,,,,,
6/11/25,Wilson,Brett,Wilson's Field,y,y,,10,80,0,0,,,0,80,0,5,60,0,15,0,89,,,,,,,,,,,,,,,,,,,,
6/11/25,Wilson,Brett,Wilson's Field,y,y,,11,100,10,0,,,0,100,0,25,80,0,5,0,83,,,,,,,,,,,,,,,,,,,,
6/11/25,Wilson,Brett,Wilson's Field,y,y,,12,100,10,0,,,0,60,0,20,40,0,5,0,72,,,,,,,,,,,,,,,,,,,,
6/11/25,Wilson,Brett,Wilson's Field,y,y,,13,100,0,0,,,1,75,0,40,50,0,15,0,74,,,,,,,,,,,,,,,,,,,,
6/11/25,Wilson,Brett,Wilson's Field,y,y,,14,90,20,0,,,0,80,0,75,60,0,10,0,70,,,,,,,,,,,,,,,,,,,,
6/11/25,Wilson,Brett,Wilson's Field,y,y,,15,80,0,0,,,0,40,0,0,30,0,30,0,72,,,,,,,,,,,,,,,,,,,,
6/11/25,Wilson,Brett,Wilson's Field,y,y,,16,75,0,0,,,0,60,0,10,50,0,40,0,127,,,,,,,,,,,,,,,,,,,,
6/11/25,Wilson,Brett,Wilson's Field,y,y,,17,90,5,0,,,0,60,0,50,15,0,25,0,62,,,,,,,,,,,,,,,,,,,,
6/11/25,Wilson,Brett,Wilson's Field,y,y,,18,90,0,0,,,0,50,0,40,5,0,25,0,96,,,,,,,,,,,,,,,,,,,,
6/11/25,Wilson,Brett,Wilson's Field,y,y,,19,75,0,0,,,0,10,0,5,0,0,40,0,70,,,,,,,,,,,,,,,,,,,,
6/11/25,Wilson,Brett,Wilson's Field,y,y,,20,100,0,0,,,0,40,0,35,10,0,10,0,102,,,,,,,,,,,,,,,,,,,,
6/11/25,Wilson,Brett,Wilson's Field,y,y,,21,90,0,0,,,0,15,10,5,0,0,20,0,112,,,,,,,,,,,,,,,,,,,,
6/10/25,Playground Pond,Brett,Playground Pond,y,n,,1,100,15,0,,,90,0,0,0,0,0,5,0,53,,,,,,,,,,,,,,,,,,,,
6/10/25,Playground Pond,Brett,Playground Pond,y,n,,2,100,1,0,,,75,40,30,0,15,0,5,0,49,,,,,,,,,,,,,,,,,,,,
6/10/25,Playground Pond,Brett,Playground Pond,y,n,,3,75,0,10,,,100,30,10,20,5,0,10,0,76,,,,,,,,,,,,,,,,,,,,
6/10/25,Playground Pond,Brett,Playground Pond,y,n,,4,60,0,0,,,90,15,1,0,0,0,20,5,104,,,,,,,,,,,,,,,,,,,,
6/10/25,Playground Pond,Brett,Playground Pond,y,n,,5,10,0,5,,,90,75,25,0,25,1,15,0,118,,,,,,,,,,,,,,,,,,,,
6/10/25,Playground Pond,Brett,Playground Pond,y,n,,6,75,75,0,,,100,100,100,0,80,0,5,0,112,,,,,,,,,,,,,,,,,,,,
6/10/25,Playground Pond,Brett,Playground Pond,y,n,,7,90,30,0,,,100,30,0,0,0,5,10,0,180,,,,,,,,,,,,,,,,,,,,
6/10/25,Playground Pond,Brett,Playground Pond,y,n,,8,90,20,75,,,0,40,5,0,0,20,25,0,95,,,,,,,,,,,,,,,,,,,,
6/10/25,Playground Pond,Brett,Playground Pond,y,n,,9,80,30,50,,,0,40,0,0,0,10,15,0,98,,,,,,,,,,,,,,,,,,,,
6/10/25,Playground Pond,Brett,Playground Pond,y,n,,10,75,60,10,,,0,75,5,0,0,0,20,0,110,,,,,,,,,,,,,,,,,,,,
6/10/25,Playground Pond,Brett,Playground Pond,y,n,,11,90,90,0,,,0,75,0,0,0,0,30,0,117,,,,,,,,,,,,,,,,,,,,
6/10/25,Playground Pond,Brett,Playground Pond,y,n,,12,5,5,0,,,100,25,25,0,0,0,20,90,46,,,,,,,,,,,,,,,,,,,,
6/10/25,Playground Pond,Brett,Playground Pond,y,n,,13,15,15,0,,,10,100,75,0,5,0,5,5,60,,,,,,,,,,,,,,,,,,,,
6/10/25,Playground Pond,Brett,Playground Pond,y,n,,14,30,30,0,,,20,90,60,0,60,0,20,60,127,,,,,,,,,,,,,,,,,,,,
6/10/25,Playground Pond,Brett,Playground Pond,y,n,,15,5,0,1,,,90,90,75,5,0,0,5,40,65,,,,,,,,,,,,,,,,,,,,
6/10/25,Playground Pond,Brett,Playground Pond,y,n,,16,40,40,0,,,100,75,30,0,5,0,10,90,100,,,,,,,,,,,,,,,,,,,,
6/10/25,Playground Pond,Brett,Playground Pond,y,n,,17,75,75,0,,,0,90,0,5,0,0,30,0,87,,,,,,,,,,,,,,,,,,,,
6/10/25,Playground Pond,Brett,Playground Pond,y,n,,18,100,90,5,,,0,80,5,10,0,0,10,0,85,,,,,,,,,,,,,,,,,,,,
6/10/25,Playground Pond,Brett,Playground Pond,y,n,,19,90,90,10,,,0,60,0,0,0,20,5,0,125,,,,,,,,,,,,,,,,,,,,
6/10/25,Playground Pond,Brett,Playground Pond,y,n,,20,100,100,0,,,0,50,5,0,0,0,10,0,135,,,,,,,,,,,,,,,,,,,,
6/10/25,Playground Pond,Brett,Playground Pond,y,n,,AVG,65.25,38.3,8.3,,,48.25,59,22.55,2,9.75,2.8,13.75,14.5,97.1,,,,,,,,,,,,,,,,,,,,
6/10/25,Playground Pond,Brett,Playground Pond,y,n,,AVG,65.25,38.3,8.3,,,48.25,59,22.55,2,9.75,2.8,13.75,14.5,97.1,,,,,,,,,,,,,,,,,,,,
6/10/25,Plains Woods North,Brett,Plains Woods North,y,n,,1,80,60,,,,30,60,5,10,40,0,25,0,105,,,,,,,,,,,,,,,,,,,,
6/10/25,Plains Woods North,Brett,Plains Woods North,y,n,,2,90,40,,,,80,30,0,25,0,0,10,0,93,,,,,,,,,,,,,,,,,,,,
6/10/25,Plains Woods North,Brett,Plains Woods North,y,n,,3,40,40,,,,100,80,80,0,25,0,5,100,90,,,,,,,,,,,,,,,,,,,,
6/10/25,Plains Woods North,Brett,Plains Woods North,y,n,,4,100,60,,,,50,75,75,0,30,0,10,0,85,,,,,,,,,,,,,,,,,,,,
6/10/25,Plains Woods North,Brett,Plains Woods North,y,n,,5,100,0,,,,10,10,0,0,0,0,20,0,63,,,,,,,,,,,,,,,,,,,,
6/10/25,Plains Woods North,Brett,Plains Woods North,y,n,,6,80,0,,,,60,30,0,10,0,0,30,75,74,,,,,,,,,,,,,,,,,,,,
6/10/25,Plains Woods North,Brett,Plains Woods North,y,n,,7,75,0,,,,100,90,0,20,0,0,5,80,84,,,,,,,,,,,,,,,,,,,,
6/10/25,Plains Woods North,Brett,Plains Woods North,y,n,,8,90,0,,,,30,40,0,0,0,0,0,0,86,,,,,,,,,,,,,,,,,,,,
6/10/25,Plains Woods North,Brett,Plains Woods North,y,n,,9,50,0,,,,30,100,5,0,0,0,10,0,98,,,,,,,,,,,,,,,,,,,,
6/10/25,Plains Woods North,Brett,Plains Woods North,y,n,,10,90,0,,,,90,80,25,0,5,0,5,0,120,,,,,,,,,,,,,,,,,,,,
6/10/25,Plains Woods North,Brett,Plains Woods North,y,n,,11,75,50,,,,0,100,90,20,20,0,5,0,80,,,,,,,,,,,,,,,,,,,,
6/10/25,Plains Woods North,Brett,Plains Woods North,y,n,,12,10,0,,,,0,40,0,0,0,0,0,0,91,,,,,,,,,,,,,,,,,,,,
6/10/25,Plains Woods North,Brett,Plains Woods North,y,n,,13,90,40,,,,0,30,0,0,25,0,5,0,54,,,,,,,,,,,,,,,,,,,,
6/10/25,Plains Woods North,Brett,Plains Woods North,y,n,,14,100,90,,,,0,50,0,0,0,0,0,0,152,,,,,,,,,,,,,,,,,,,,
6/10/25,Plains Woods North,Brett,Plains Woods North,y,n,,15,100,50,,,,0,30,10,0,0,0,10,0,150,,,,,,,,,,,,,,,,,,,,
6/10/25,Plains Woods North,Brett,Plains Woods North,y,n,,16,100,90,,,,90,90,50,10,60,0,0,0,150,,,,,,,,,,,,,,,,,,,,
6/10/25,Plains Woods North,Brett,Plains Woods North,y,n,,17,75,0,,,,40,100,100,0,90,5,5,80,100,,,,,,,,,,,,,,,,,,,,
6/10/25,Plains Woods North,Brett,Plains Woods North,y,n,,18,80,80,,,,90,90,90,5,75,0,5,0,106,,,,,,,,,,,,,,,,,,,,
6/10/25,Plains Woods North,Brett,Plains Woods North,y,n,,19,80,75,,,,0,75,10,5,0,0,30,0,136,,,,,,,,,,,,,,,,,,,,
6/10/25,Plains Woods North,Brett,Plains Woods North,y,n,,20,90,100,,,,5,25,1,0,20,0,40,80,130,,,,,,,,,,,,,,,,,,,,
6/10/25,Plains Woods North,Brett,Plains Woods North,y,n,,AVG,79.75,38.75,,,,40.25,61.25,27.05,5.25,19.5,0.25,11,20.75,102.35,,,,,,,,,,,,,,,,,,,,
6/10/25,Plains Woods North,Brett,Plains Woods North,y,n,,AVG,79.75,38.75,,,,40.25,61.25,27.05,5.25,19.5,0.25,11,20.75,102.35,,,,,,,,,,,,,,,,,,,,
6/10/25,Jimmy's Wet Meadow,Brett,Jimmy's Wet Meadow,y,n,,1,75,0,,,,60,30,10,0,0,0,25,0,124,,,,,,,,,,,,,,,,,,,,
6/10/25,Jimmy's Wet Meadow,Brett,Jimmy's Wet Meadow,y,n,,2,10,0,,,,25,90,0,20,0,0,20,0,81,,,,,,,,,,,,,,,,,,,,
6/10/25,Jimmy's Wet Meadow,Brett,Jimmy's Wet Meadow,y,n,,3,10,0,,,,0,80,5,0,1,15,10,0,64,,,,,,,,,,,,,,,,,,,,
6/10/25,Jimmy's Wet Meadow,Brett,Jimmy's Wet Meadow,y,n,,4,0,0,,,,0,60,5,0,0,40,10,0,53,,,,,,,,,,,,,,,,,,,,
6/10/25,Jimmy's Wet Meadow,Brett,Jimmy's Wet Meadow,y,n,,5,40,0,,,,0,100,5,0,0,0,10,0,86,,,,,,,,,,,,,,,,,,,,
6/10/25,Jimmy's Wet Meadow,Brett,Jimmy's Wet Meadow,y,n,,6,75,0,,,,15,90,20,0,0,0,5,0,77,,,,,,,,,,,,,,,,,,,,
6/10/25,Jimmy's Wet Meadow,Brett,Jimmy's Wet Meadow,y,n,,7,80,60,,,,0,60,5,5,0,0,20,0,69,,,,,,,,,,,,,,,,,,,,
6/10/25,Jimmy's Wet Meadow,Brett,Jimmy's Wet Meadow,y,n,,8,90,80,,,,0,75,40,0,10,5,15,0,78,,,,,,,,,,,,,,,,,,,,
6/10/25,Jimmy's Wet Meadow,Brett,Jimmy's Wet Meadow,y,n,,9,80,0,,,,90,60,5,0,0,0,5,0,55,,,,,,,,,,,,,,,,,,,,
6/10/25,Jimmy's Wet Meadow,Brett,Jimmy's Wet Meadow,y,n,,10,90,30,,,,90,0,0,0,0,0,5,30,47,,,,,,,,,,,,,,,,,,,,
6/10/25,Jimmy's Wet Meadow,Brett,Jimmy's Wet Meadow,y,n,,11,90,5,,,,80,15,0,5,0,0,5,0,78,,,,,,,,,,,,,,,,,,,,
6/10/25,Jimmy's Wet Meadow,Brett,Jimmy's Wet Meadow,y,n,,12,90,0,,,,75,30,0,25,0,0,0,0,64,,,,,,,,,,,,,,,,,,,,
6/10/25,Jimmy's Wet Meadow,Brett,Jimmy's Wet Meadow,y,n,,13,40,0,,,,10,75,25,0,0,0,20,0,45,,,,,,,,,,,,,,,,,,,,
6/10/25,Jimmy's Wet Meadow,Brett,Jimmy's Wet Meadow,y,n,,14,0,0,,,,40,90,0,0,0,0,40,0,64,,,,,,,,,,,,,,,,,,,,
6/10/25,Jimmy's Wet Meadow,Brett,Jimmy's Wet Meadow,y,n,,15,100,100,,,,0,15,15,0,0,0,20,0,151,,,,,,,,,,,,,,,,,,,,
6/10/25,Jimmy's Wet Meadow,Brett,Jimmy's Wet Meadow,y,n,,16,75,40,,,,0,10,10,0,0,30,10,0,133,,,,,,,,,,,,,,,,,,,,
6/10/25,Jimmy's Wet Meadow,Brett,Jimmy's Wet Meadow,y,n,,17,80,60,,,,0,0,0,0,0,40,5,0,160,,,,,,,,,,,,,,,,,,,,
6/10/25,Jimmy's Wet Meadow,Brett,Jimmy's Wet Meadow,y,n,,18,50,40,,,,0,0,0,0,0,60,15,0,169,,,,,,,,,,,,,,,,,,,,
6/10/25,Jimmy's Wet Meadow,Brett,Jimmy's Wet Meadow,y,n,,19,15,5,,,,0,100,0,0,0,0,15,0,138,,,,,,,,,,,,,,,,,,,,
6/10/25,Jimmy's Wet Meadow,Brett,Jimmy's Wet Meadow,y,n,,20,0,0,,,,50,100,0,0,0,0,5,90,118,,,,,,,,,,,,,,,,,,,,
6/10/25,Jimmy's Wet Meadow,Brett,Jimmy's Wet Meadow,y,n,,AVG,54.5,21,,,,26.75,54,7.25,2.75,0.55,9.5,13,6,92.7,,,,,,,,,,,,,,,,,,,,
6/10/25,Jimmy's Wet Meadow,Brett,Jimmy's Wet Meadow,y,n,,AVG,54.5,21,,,,26.75,54,7.25,2.75,0.55,9.5,13,6,92.7,,,,,,,,,,,,,,,,,,,,
6/11/25,Long Meadow,Brett,Long Meadow,y,n,,1,60,0,,,,0,80,0,0,0,5,0,60,78,,,,,,,,,,,,,,,,,,,,
6/11/25,Long Meadow,Brett,Long Meadow,y,n,,2,90,80,,,,0,90,1,0,0,5,15,60,118,,,,,,,,,,,,,,,,,,,,
6/11/25,Long Meadow,Brett,Long Meadow,y,n,,3,60,5,,,,0,100,5,0,0,0,0,0,75,,,,,,,,,,,,,,,,,,,,
6/11/25,Long Meadow,Brett,Long Meadow,y,n,,4,100,0,,,,5,40,5,0,0,10,5,0,72,,,,,,,,,,,,,,,,,,,,
6/11/25,Long Meadow,Brett,Long Meadow,y,n,,5,100,0,,,,0,60,15,0,5,0,5,0,73,,,,,,,,,,,,,,,,,,,,
6/11/25,Long Meadow,Brett,Long Meadow,y,n,,6,100,0,,,,0,5,5,0,0,0,5,0,120,,,,,,,,,,,,,,,,,,,,
6/11/25,Long Meadow,Brett,Long Meadow,y,n,,7,100,0,,,,0,1,1,0,0,0,0,0,124,,,,,,,,,,,,,,,,,,,,
6/11/25,Long Meadow,Brett,Long Meadow,y,n,,8,90,0,,,,0,50,0,0,0,0,30,0,64,,,,,,,,,,,,,,,,,,,,
6/11/25,Long Meadow,Brett,Long Meadow,y,n,,9,50,0,,,,0,25,5,0,5,60,30,0,140,,,,,,,,,,,,,,,,,,,,
6/11/25,Long Meadow,Brett,Long Meadow,y,n,,10,100,0,,,,0,30,15,0,1,0,25,0,105,,,,,,,,,,,,,,,,,,,,
6/11/25,Long Meadow,Brett,Long Meadow,y,n,,11,100,0,,,,0,15,10,0,0,0,15,0,136,,,,,,,,,,,,,,,,,,,,
6/11/25,Long Meadow,Brett,Long Meadow,y,n,,12,80,0,,,,40,40,0,0,0,0,25,0,112,,,,,,,,,,,,,,,,,,,,
6/11/25,Long Meadow,Brett,Long Meadow,y,n,,13,50,0,,,,0,10,0,0,0,20,10,0,133,,,,,,,,,,,,,,,,,,,,
6/11/25,Long Meadow,Brett,Long Meadow,y,n,,14,90,0,,,,0,40,40,0,0,20,0,0,79,,,,,,,,,,,,,,,,,,,,
6/11/25,Long Meadow,Brett,Long Meadow,y,n,,15,90,0,,,,0,30,25,5,1,0,40,0,90,,,,,,,,,,,,,,,,,,,,
6/11/25,Long Meadow,Brett,Long Meadow,y,n,,16,75,0,,,,40,75,0,5,0,0,25,0,63,,,,,,,,,,,,,,,,,,,,
6/11/25,Long Meadow,Brett,Long Meadow,y,n,,17,100,0,,,,40,90,0,0,0,0,5,0,64,,,,,,,,,,,,,,,,,,,,
6/11/25,Long Meadow,Brett,Long Meadow,y,n,,18,75,0,,,,90,40,0,0,0,0,5,0,63,,,,,,,,,,,,,,,,,,,,
6/11/25,Long Meadow,Brett,Long Meadow,y,n,,19,80,0,,,,80,0,0,0,0,0,40,0,35,,,,,,,,,,,,,,,,,,,,
6/11/25,Long Meadow,Brett,Long Meadow,y,n,,20,80,0,,,,0,5,0,0,0,0,50,0,74,,,,,,,,,,,,,,,,,,,,
6/11/25,Long Meadow,Brett,Long Meadow,y,n,,AVG,83.5,4.25,,,,14.75,41.3,6.35,0.5,0.6,6,16.5,6,90.9,,,,,,,,,,,,,,,,,,,,
6/11/25,Long Meadow,Brett,Long Meadow,y,n,,AVG,83.5,4.25,,,,14.75,41.3,6.35,0.5,0.6,6,16.5,6,90.9,,,,,,,,,,,,,,,,,,,,
6/11/25,Broad Meadow,Brett,Broad Meadow,y,n,n,1,90,75,,,,0,5,0,0,0,0,15,0,80,,,,,,,,,,,,,,,,,,,,
6/11/25,Broad Meadow,Brett,Broad Meadow,y,n,n,2,25,25,,,,0,100,0,50,50,0,5,0,82,,,,,,,,,,,,,,,,,,,,
6/11/25,Broad Meadow,Brett,Broad Meadow,y,n,n,3,80,40,,,,0,40,10,10,10,0,30,0,79,,,,,,,,,,,,,,,,,,,,
6/11/25,Broad Meadow,Brett,Broad Meadow,y,n,n,4,90,50,,,,15,30,0,10,15,0,15,0,89,,,,,,,,,,,,,,,,,,,,
6/11/25,Broad Meadow,Brett,Broad Meadow,y,n,n,5,75,50,,,,10,10,0,0,5,0,40,0,96,,,,,,,,,,,,,,,,,,,,
6/11/25,Broad Meadow,Brett,Broad Meadow,y,n,n,6,90,90,,,,0,5,0,0,1,0,20,0,154,,,,,,,,,,,,,,,,,,,,
6/11/25,Broad Meadow,Brett,Broad Meadow,y,n,n,7,90,75,,,,0,75,0,0,60,0,5,0,65,,,,,,,,,,,,,,,,,,,,
6/11/25,Broad Meadow,Brett,Broad Meadow,y,n,n,8,75,60,,,,5,75,5,5,50,0,40,0,75,,,,,,,,,,,,,,,,,,,,
6/11/25,Broad Meadow,Brett,Broad Meadow,y,n,n,9,80,0,,,,20,30,0,0,0,0,40,0,100,,,,,,,,,,,,,,,,,,,,
6/11/25,Broad Meadow,Brett,Broad Meadow,y,n,n,10,50,50,,,,0,0,0,0,0,50,0,0,97,,,,,,,,,,,,,,,,,,,,
6/11/25,Broad Meadow,Brett,Broad Meadow,y,n,n,11,80,0,,,,0,100,0,15,80,0,10,0,83,,,,,,,,,,,,,,,,,,,,
6/11/25,Broad Meadow,Brett,Broad Meadow,y,n,n,12,90,0,,,,0,50,40,15,0,0,5,0,44,,,,,,,,,,,,,,,,,,,,
6/11/25,Broad Meadow,Brett,Broad Meadow,y,n,n,13,90,0,,,,20,80,15,0,5,0,5,0,83,,,,,,,,,,,,,,,,,,,,
6/11/25,Broad Meadow,Brett,Broad Meadow,y,n,n,14,50,0,,,,40,60,0,30,20,0,30,0,79,,,,,,,,,,,,,,,,,,,,
6/11/25,Broad Meadow,Brett,Broad Meadow,y,n,n,15,30,0,,,,100,50,0,0,10,0,5,0,50,,,,,,,,,,,,,,,,,,,,
6/11/25,Broad Meadow,Brett,Broad Meadow,y,n,n,16,0,0,,,,60,75,0,0,5,0,40,0,72,,,,,,,,,,,,,,,,,,,,
6/11/25,Broad Meadow,Brett,Broad Meadow,y,n,n,17,100,75,,,,0,90,0,30,5,0,0,0,100,,,,,,,,,,,,,,,,,,,,
6/11/25,Broad Meadow,Brett,Broad Meadow,y,n,n,18,100,50,,,,0,75,60,15,15,0,15,0,116,,,,,,,,,,,,,,,,,,,,
6/11/25,Broad Meadow,Brett,Broad Meadow,y,n,n,19,100,90,,,,0,90,5,0,10,0,5,0,127,,,,,,,,,,,,,,,,,,,,
6/11/25,Broad Meadow,Brett,Broad Meadow,y,n,n,20,100,100,,,,0,75,0,0,0,0,10,0,100,,,,,,,,,,,,,,,,,,,,
6/11/25,Broad Meadow,Brett,Broad Meadow,y,n,n,,74.25,41.5,,,,13.5,55.75,6.75,9,17.05,2.5,16.75,0,88.55,,,,,,,,,,,,,,,,,,,,
6/11/25,Broad Meadow,Brett,Broad Meadow,y,n,n,,74.25,41.5,,,,13.5,55.75,6.75,9,17.05,2.5,16.75,0,88.55,,,,,,,,,,,,,,,,,,,,
5/29/25,GP1A,Alejandro,Great Pasture,y,y,,1,90,,,,,0,30,0,5,1,5,5,0,85,,,,,,,,,,,,,,,,,,,,
5/29/25,GP1A,Alejandro,Great Pasture,y,y,,2,85,,,,,0,25,0,15,1,1,5,0,95,,,,,,,,,,,,,,,,,,,,
5/29/25,GP1A,Alejandro,Great Pasture,y,y,,3,95,,,,,0,40,0,35,10,0,5,0,66,,,,,,,,,,,,,,,,,,,,
5/29/25,GP1A,Alejandro,Great Pasture,y,y,,4,65,,,,,0,40,0,1,15,30,20,0,40,,,,,,,,,,,,,,,,,,,,
5/29/25,GP1A,Alejandro,Great Pasture,y,y,,5,95,,,,,0,80,0,75,40,0,2,0,77,,,,,,,,,,,,,,,,,,,,
5/29/25,GP1A,Alejandro,Great Pasture,y,y,,6,90,,,,,0,50,0,30,8,5,5,0,50,,,,,,,,,,,,,,,,,,,,
5/29/25,GP1A,Alejandro,Great Pasture,y,y,,7,50,,,,,0,50,0,20,15,0,20,0,83,,,,,,,,,,,,,,,,,,,,
5/29/25,GP1A,Alejandro,Great Pasture,y,y,,8,90,,,,,0,50,0,25,5,0,15,0,50,,,,,,,,,,,,,,,,,,,,
5/29/25,GP1A,Alejandro,Great Pasture,y,y,,9,30,,,,,0,80,0,1,80,5,5,0,55,,,,,,,,,,,,,,,,,,,,
5/29/25,GP1A,Alejandro,Great Pasture,y,y,,10,90,,,,,1,20,0,15,0,5,5,0,74,,1,,,,,,,,,,,,,,,,,,
5/29/25,GP1A,Alejandro,Great Pasture,y,y,,11,80,,,,,0,95,5,5,1,0,1,0,53,,,,,,,,,,,,,,,,,,,,
5/29/25,GP1A,Alejandro,Great Pasture,y,y,,12,90,,,,,0,65,0,5,5,5,5,0,48,,,,,,,,,,,,,,,,,,,,
5/29/25,GP1A,Alejandro,Great Pasture,y,y,,13,80,,,,,0,80,0,60,5,0,0,0,86,,,,,,,,,,,,,,,,,,,,
5/29/25,GP1A,Alejandro,Great Pasture,y,y,,14,90,,,,,0,5,0,3,2,5,5,0,95,,,,,,,,,,,,,,,,,,,,
5/29/25,GP1A,Alejandro,Great Pasture,y,y,,15,75,,,,,0,40,0,5,0,0,15,80,110,,,,,,,,,,,,,,,,,,,,
5/29/25,GP1A,Alejandro,Great Pasture,y,y,,16,75,,,,,0,40,0,10,0,20,20,90,103,,,,,,,,,,,,,,,,,,,,
5/29/25,GP1A,Alejandro,Great Pasture,y,y,,17,75,,,,,0,75,0,5,2,5,15,0,70,,,,,,,,,,,,,,,,,,,,
5/29/25,GP1A,Alejandro,Great Pasture,y,y,,18,90,,,,,0,80,0,75,1,1,1,25,88,,,,,,,,,,,,,,,,,,,,
5/29/25,GP1A,Alejandro,Great Pasture,y,y,,19,60,,,,,0,60,0,1,0,0,30,0,85,,,15,,,,,,,,,,,,,,,,,
5/29/25,GP1A,Alejandro,Great Pasture,y,y,,,78.68,,,,,0.05,52.89,0.26,20.58,10.05,4.58,9.42,10.26,74.37,,,,,,,,,,,,,,,,,,,,
5/29/25,GP1A,Alejandro,Great Pasture,y,y,,,78.68,,,,,0.05,52.89,0.26,20.58,10.05,4.58,9.42,10.26,74.37,,,,,,,,,,,,,,,,,,,,
6/5/25,GP8C,Brett,Great Pasture West,y,n,,1,100,0,40,,,0,60,0,0,0,0,10,5,110,,,,,,,,,,,,,,,,,,,,
6/5/25,GP8C,Brett,Great Pasture West,y,n,,2,100,0,5,,,30,0,0,0,0,0,10,0,120,,,,,,,,,,,,,,,,,,,,
6/5/25,GP8C,Brett,Great Pasture West,y,n,,3,90,0,0,,,0,50,30,0,5,5,15,0,130,,,,,,,,,,,,,,,,,,,,
6/5/25,GP8C,Brett,Great Pasture West,y,n,,4,75,0,0,,,0,50,25,0,10,0,30,0,110,,,,,,,,,,,,,,,,,,,,
6/5/25,GP8C,Brett,Great Pasture West,y,n,,5,75,75,1,,,0,90,0,0,0,10,15,0,80,,,,,,,,,,,,,,,,,,,,
6/5/25,GP8C,Brett,Great Pasture West,y,n,,6,100,0,0,,,0,25,0,0,0,0,5,0,60,,,,,,,,,,,,,,,,,,,,
6/5/25,GP8C,Brett,Great Pasture West,y,n,,7,90,0,0,,,1,20,0,5,0,0,30,0,60,,,,,,,,,,,,,,,,,,,,
6/5/25,GP8C,Brett,Great Pasture West,y,n,,8,60,0,0,,,0,40,0,30,0,0,30,0,50,,,,,,,,,,,,,,,,,,,,
6/5/25,GP8C,Brett,Great Pasture West,y,n,,9,75,0,0,,,0,75,0,0,15,0,15,0,90,,,,,,,,,,,,,,,,,,,,
6/5/25,GP8C,Brett,Great Pasture West,y,n,,10,50,0,5,,,0,60,0,10,10,1,20,0,80,,,,,,,,,,,,,,,,,,,,
6/5/25,GP8C,Brett,Great Pasture West,y,n,,11,50,0,0,,,5,80,0,15,40,0,30,0,70,,,,,,,,,,,,,,,,,,,,
6/5/25,GP8C,Brett,Great Pasture West,y,n,,12,80,0,0,,,0,75,0,15,30,0,15,0,70,,,,,,,,,,,,,,,,,,,,
6/5/25,GP8C,Brett,Great Pasture West,y,n,,13,90,0,0,,,0,90,0,40,40,0,5,0,60,,,,,,,,,,,,,,,,,,,,
6/5/25,GP8C,Brett,Great Pasture West,y,n,,14,75,0,0,,,0,80,5,0,25,0,40,80,90,,,,,,,,,,,,,,,,,,,,
6/5/25,GP8C,Brett,Great Pasture West,y,n,,15,100,0,0,,,15,40,0,20,20,0,10,80,100,,,,,,,,,,,,,,,,,,,,
6/5/25,GP8C,Brett,Great Pasture West,y,n,,,80.66666667,5,3.4,,,3.4,55.66666667,4,9,13,1.066666667,18.67,11,85.33,,,,,,,,,,,,,,,,,,,,
6/5/25,GP8C,Brett,Great Pasture West,y,n,,,80.66666667,5,3.4,,,3.4,55.66666667,4,9,13,1.066666667,18.67,11,85.33,,,,,,,,,,,,,,,,,,,,
6/17/25,Long Causeway,Brett,Long Causeway Field,y,n,,1,75,75,,,,0,0,0,0,0,0,5,0,157,,,,,,,,,,,,,,,,,,,,
6/17/25,Long Causeway,Brett,Long Causeway Field,y,n,,2,30,30,,,,0,5,0,0,0,0,75,0,125,,,,,,,,,,,,,,,,,,,,
6/17/25,Long Causeway,Brett,Long Causeway Field,y,n,,3,100,100,,,,0,30,0,0,0,0,15,0,153,,,,,,,,,,,,,,,,,,,,
6/17/25,Long Causeway,Brett,Long Causeway Field,y,n,,4,60,50,,,,1,50,5,0,0,0,5,0,142,,,,,,,,,,,,,,,,,,,,
6/17/25,Long Causeway,Brett,Long Causeway Field,y,n,,5,50,50,,,,0,30,0,0,0,0,75,0,145,,,,,,,,,,,,,,,,,,,,
6/17/25,Long Causeway,Brett,Long Causeway Field,y,n,,6,90,90,,,,0,15,0,0,0,0,10,0,185,,,,,,,,,,,,,,,,,,,,
6/17/25,Long Causeway,Brett,Long Causeway Field,y,n,,7,50,50,,,,0,0,0,0,0,10,50,0,162,,,,,,,,,,,,,,,,,,,,
6/17/25,Long Causeway,Brett,Long Causeway Field,y,n,,8,60,40,,,,0,15,0,0,0,10,20,0,168,,,,,,,,,,,,,,,,,,,,
6/17/25,Long Causeway,Brett,Long Causeway Field,y,n,,9,90,90,,,,0,0,0,0,0,0,30,0,110,,,,,,,,,,,,,,,,,,,,
6/17/25,Long Causeway,Brett,Long Causeway Field,y,n,,10,90,90,,,,0,30,0,0,0,0,30,0,177,,,,,,,,,,,,,,,,,,,,
6/17/25,Long Causeway,Brett,Long Causeway Field,y,n,,11,80,80,,,,0,0,0,0,0,0,20,0,142,,,,,,,,,,,,,,,,,,,,
6/17/25,Long Causeway,Brett,Long Causeway Field,y,n,,12,90,90,,,,0,0,0,0,0,25,20,0,142,,,,,,,,,,,,,,,,,,,,
6/17/25,Long Causeway,Brett,Long Causeway Field,y,n,,13,100,100,,,,0,0,0,0,0,0,15,0,192,,,,,,,,,,,,,,,,,,,,
6/17/25,Long Causeway,Brett,Long Causeway Field,y,n,,14,75,75,,,,0,0,0,0,0,0,60,0,170,,,,,,,,,,,,,,,,,,,,
6/17/25,Long Causeway,Brett,Long Causeway Field,y,n,,15,90,90,,,,0,0,0,0,0,0,20,0,167,,,,,,,,,,,,,,,,,,,,
6/17/25,Long Causeway,Brett,Long Causeway Field,y,n,,16,75,75,,,,0,0,0,0,0,0,40,0,87,,,,,,,,,,,,,,,,,,,,
6/17/25,Long Causeway,Brett,Long Causeway Field,y,n,,17,90,90,,,,0,5,5,0,0,0,30,0,167,,,,,,,,,,,,,,,,,,,,
6/17/25,Long Causeway,Brett,Long Causeway Field,y,n,,18,75,75,,,,0,0,0,0,0,10,40,0,84,,,,,,,,,,,,,,,,,,,,
6/17/25,Long Causeway,Brett,Long Causeway Field,y,n,,19,30,15,,,,0,0,0,0,0,25,60,0,164,,,,,,,,,,,,,,,,,,,,
6/17/25,Long Causeway,Brett,Long Causeway Field,y,n,,20,80,80,,,,0,0,0,0,0,5,20,0,175,,,,,,,,,,,,,,,,,,,,
6/17/25,Long Causeway,Brett,Long Causeway Field,y,n,,,74,71.75,,,,0.05,9,0.5,0,0,4.25,32,0,150.7,,,,,,,,,,,,,,,,,,,,
6/17/25,Long Causeway,Brett,Long Causeway Field,y,n,,,74,71.75,,,,0.05,9,0.5,0,0,4.25,32,0,150.7,,,,,,,,,,,,,,,,,,,,
6/27/25,GP1B,Jane,Great Pasture,y,y,,1,95,95,0,,,0,0,0,0,0,1,40,0,177,,,,,,,,,,,,,,,,,,,,
6/27/25,GP1B,Jane,Great Pasture,y,y,,2,5,5,90,,,0,10,0,0,5,0,15,0,80,,,,,,,,,,,,,,,,,,,,
6/27/25,GP1B,Jane,Great Pasture,y,y,,3,0,0,100,,,0,15,0,0,5,0,40,0,136,,,,,,,,,,,,,,,,,,,,
6/27/25,GP1B,Jane,Great Pasture,y,y,,4,0,0,60,,,40,30,0,0,0,0,10,0,93,,,,5,,,,,,,,,,,,,,,,
6/27/25,GP1B,Jane,Great Pasture,y,y,,5,85,0,0,,,70,15,0,10,10,0,5,0,69,,,,,,,,,,,,,,,,,,,,
6/27/25,GP1B,Jane,Great Pasture,y,y,,6,75,0,0,,,0,45,0,25,30,0,0,0,77,,,,,,,,,,,,,,,,,,,,
6/27/25,GP1B,Jane,Great Pasture,y,y,,7,85,0,30,,,0,20,0,1,0,0,0,0,130,,,,,,,,,,,,,,,,,,,,
6/27/25,GP1B,Jane,Great Pasture,y,y,,8,5,0,100,,,0,2,0,2,0,0,20,0,112,,,,,,,,,,,,,,,,,,,,
6/27/25,GP1B,Jane,Great Pasture,y,y,,9,0,0,80,,,0,30,0,0,2,0,15,0,113,,,,,,,,,,,,,,,,,,,,
6/27/25,GP1B,Jane,Great Pasture,y,y,,10,75,0,30,,,0,10,0,5,0,0,0,0,101,,,,,,,,,,,,,,,,,,,,
6/30/25,GP1B,Jane,Great Pasture,y,y,,11,65,0,75,,,0,10,1,1,5,0,50,0,104,1,,,,,,,,,,,,,,,,,,,
6/30/25,GP1B,Jane,Great Pasture,y,y,,12,85,0,30,,,0,30,0,15,25,0,40,0,103,,,,,,,,,,,,,,,,,,,,
6/30/25,GP1B,Jane,Great Pasture,y,y,,13,90,0,20,,,0,50,0,40,40,0,30,0,104,,,,,,,,,,,,,,,,,,,,
6/30/25,GP1B,Jane,Great Pasture,y,y,,14,100,0,60,,,0,30,0,0,0,0,0,0,116,,,,,,,,,,,,,,,,,,,,
6/30/25,GP1B,Jane,Great Pasture,y,y,,15,80,0,80,,,0,75,5,5,10,0,15,0,95,,,,,,,,,,,,,,,,,,,,
6/30/25,GP1B,Jane,Great Pasture,y,y,,16,50,0,50,,,0,60,1,0,0,0,50,0,103,,,,,,,,,,,,,,,,,,,,
6/30/25,GP1B,Jane,Great Pasture,y,y,,17,75,0,85,,,0,30,0,0,1,5,15,0,103,,,,,,,,,,,,,,,,,,,,
6/30/25,GP1B,Jane,Great Pasture,y,y,,18,5,0,100,,,0,5,0,0,1,0,0,0,110,,,,,,,,,,,,,,,,,,,,
6/30/25,GP1B,Jane,Great Pasture,y,y,,19,75,0,10,,,0,50,0,0,3,25,5,0,115,,,,,,,,,,,,,,,,,,,,
6/30/25,GP1B,Jane,Great Pasture,y,y,,20,20,0,95,,,0,25,0,0,0,5,0,0,74,,,,,,,,,,,,,,,,,,,,
6/30/25,GP1B,Jane,Great Pasture,y,y,,,53.5,5,54.75,,,5.5,27.1,0.35,5.2,6.85,1.8,17.5,0,105.75,,,,,,,,,,,,,,,,,,,,
6/30/25,GP1B,Jane,Great Pasture,y,y,,,53.5,5,54.75,,,5.5,27.1,0.35,5.2,6.85,1.8,17.5,0,105.75,,,,,,,,,,,,,,,,,,,,
6/17/25,Pond,Brett,Horse Field South,y,n,,1,30,30,N/A,,,0,20,20,0,0,0,75,0,110,,,,,,,,,,,,,,,,,,,,
6/17/25,Pond,Brett,Horse Field South,y,n,,2,50,50,N/A,,,0,0,0,0,0,0,75,0,135,,,,,,,,,,,,,,,,,,,,
6/17/25,Pond,Brett,Horse Field South,y,n,,3,40,5,N/A,,,0,0,0,0,0,30,50,0,130,,,,,,,,,,,,,,,,,,,,
6/17/25,Pond,Brett,Horse Field South,y,n,,4,75,50,N/A,,,0,0,0,0,0,0,60,0,109,,,,,,,,,,,,,,,,,,,,
6/17/25,Pond,Brett,Horse Field South,y,n,,5,90,90,N/A,,,0,0,0,0,0,0,20,0,160,,,,,,,,,,,,,,,,,,,,
6/17/25,Pond,Brett,Horse Field South,y,n,,6,90,75,N/A,,,0,0,0,0,0,40,10,0,152,,,,,,,,,,,,,,,,,,,,
6/17/25,Pond,Brett,Horse Field South,y,n,,7,80,80,N/A,,,0,10,0,0,0,30,30,0,181,,,,,,,,,,,,,,,,,,,,
6/17/25,Pond,Brett,Horse Field South,y,n,,8,75,75,N/A,,,0,0,0,0,0,5,30,0,140,,,,,,,,,,,,,,,,,,,,
6/17/25,Pond,Brett,Horse Field South,y,n,,9,90,60,N/A,,,0,15,10,0,0,0,30,0,158,,,,,,,,,,,,,,,,,,,,
6/17/25,Pond,Brett,Horse Field South,y,n,,10,75,75,N/A,,,0,5,0,5,0,0,30,0,83,,,,,,,,,,,,,,,,,,,,
6/17/25,Pond,Brett,Horse Field South,y,n,,11,90,50,N/A,,,0,100,15,5,0,0,0,0,75,,,,,,,,,,,,,,,,,,,,
6/17/25,Pond,Brett,Horse Field South,y,n,,12,80,50,N/A,,,0,80,15,0,0,0,15,0,97,,,,,,,,,,,,,,,,,,,,
6/17/25,Pond,Brett,Horse Field South,y,n,,13,40,15,N/A,,,0,60,20,0,0,0,40,0,114,,,,,,,,,,,,,,,,,,,,
6/17/25,Pond,Brett,Horse Field South,y,n,,14,90,60,N/A,,,0,40,25,0,0,0,15,0,106,,,,,,,,,,,,,,,,,,,,
6/17/25,Pond,Brett,Horse Field South,y,n,,15,75,75,N/A,,,0,50,5,0,0,0,40,0,127,,,,,,,,,,,,,,,,,,,,
6/17/25,Pond,Brett,Horse Field South,y,n,,16,75,40,N/A,,,0,40,0,0,0,0,40,0,82,,,,,,,,,,,,,,,,,,,,
6/17/25,Pond,Brett,Horse Field South,y,n,,17,40,30,N/A,,,0,10,0,0,0,0,75,0,80,,,,,,,,,,,,,,,,,,,,
6/17/25,Pond,Brett,Horse Field South,y,n,,18,80,60,N/A,,,0,0,0,0,0,0,50,0,111,,,,,,,,,,,,,,,,,,,,
6/17/25,Pond,Brett,Horse Field South,y,n,,19,90,75,N/A,,,0,10,1,0,0,0,15,0,118,,,,,,,,,,,,,,,,,,,,
6/17/25,Pond,Brett,Horse Field South,y,n,,20,90,80,N/A,,,0,0,0,0,0,0,20,0,76,,,,,,,,,,,,,,,,,,,,
Pond Averages,,,,,,,,72.25,56.25,,,,0,22,5.55,0.5,0,5.25,36,0,117.2,,,,,,,,,,,,,,,,,,,,
6/17/25,Williams Central,Brett,Williams Central,y,n,,1,50,0,,,,0,5,0,0,0,0,60,0,112,,,,,,,,,,,,,,,,,,,,
6/17/25,Williams Central,Brett,Williams Central,y,n,,2,90,40,,,,0,40,0,0,0,0,20,0,122,,,,,,,,,,,,,,,,,,,,
6/17/25,Williams Central,Brett,Williams Central,y,n,,3,90,75,,,,0,60,0,20,5,0,10,0,94,,,,,,,,,,,,,,,,,,,,
6/17/25,Williams Central,Brett,Williams Central,y,n,,4,100,50,,,,1,0,0,0,0,10,0,0,81,,,,,,,,,,,,,,,,,,,,
6/17/25,Williams Central,Brett,Williams Central,y,n,,5,75,40,,,,0,80,0,75,30,0,20,0,95,,,,,,,,,,,,,,,,,,,,
6/17/25,Williams Central,Brett,Williams Central,y,n,,6,75,20,,,,0,30,0,20,5,0,25,0,105,,,,,,,,,,,,,,,,,,,,
6/17/25,Williams Central,Brett,Williams Central,y,n,,7,100,20,,,,0,40,0,0,0,0,5,0,107,,,,,,,,,,,,,,,,,,,,
6/17/25,Williams Central,Brett,Williams Central,y,n,,8,100,20,,,,0,75,0,30,5,0,10,0,55,,,,,,,,,,,,,,,,,,,,
6/17/25,Williams Central,Brett,Williams Central,y,n,,9,90,80,,,,0,50,0,30,0,0,25,0,67,,,,,,,,,,,,,,,,,,,,
6/17/25,Williams Central,Brett,Williams Central,y,n,,10,90,60,,,,0,90,0,50,10,0,15,0,72,,,,,,,,,,,,,,,,,,,,
6/17/25,Williams Central,Brett,Williams Central,y,n,,11,100,90,,,,0,75,0,50,0,0,10,0,93,,,,,,,,,,,,,,,,,,,,
6/17/25,Williams Central,Brett,Williams Central,y,n,,12,80,50,,,,0,75,0,40,1,0,15,0,71,,,,,,,,,,,,,,,,,,,,
6/17/25,Williams Central,Brett,Williams Central,y,n,,13,100,75,,,,0,75,40,0,0,0,5,0,97,,,,,,,,,,,,,,,,,,,,
6/17/25,Williams Central,Brett,Williams Central,y,n,,14,75,75,,,,0,100,5,5,5,0,10,0,79,,,,,,,,,,,,,,,,,,,,
6/17/25,Williams Central,Brett,Williams Central,y,n,,15,50,20,,,,0,60,30,5,0,0,40,0,95,,,,,,,,,,,,,,,,,,,,
6/17/25,Williams Central,Brett,Williams Central,y,n,,16,30,30,,,,5,60,0,0,0,0,50,0,69,,,,,,,,,,,,,,,,,,,,
6/17/25,Williams Central,Brett,Williams Central,y,n,,17,75,75,,,,0,40,35,0,0,0,30,0,159,,,,,,,,,,,,,,,,,,,,
6/17/25,Williams Central,Brett,Williams Central,y,n,,18,100,50,,,,0,5,0,0,0,0,5,0,190,,,,,,,,,,,,,,,,,,,,
6/17/25,Williams Central,Brett,Williams Central,y,n,,19,100,0,,,,0,90,25,0,0,0,30,0,132,,,,,,,,,,,,,,,,,,,,
6/17/25,Williams Central,Brett,Williams Central,y,n,,20,20,0,,,,0,90,5,0,0,0,20,0,68,,,,,,,,,,,,,,,,,,,,
Williams Central Averages,,,,,,,,79.5,43.5,,,,0.3,57,7,16.25,3.05,0.5,20.25,0,98.15,,,,,,,,,,,,,,,,,,,,
6/25/25,GP2A,Jane,Great Pasture,y,y,,1,15,0,0,,,30,40,0,25,1,0,85,10,60,8,,,,15,7,,,,,,,,,,,,,,
6/25/25,GP2A,Jane,Great Pasture,y,y,,2,65,0,5,,,30,10,0,0,0,1,25,0,93,,,,,5,15,,,,,,,,,,,,,,
6/25/25,GP2A,Jane,Great Pasture,y,y,,3,35,0,1,,,2,10,0,10,10,1,85,10,60,2,,,,,1,,,,,,,,,,,,,,
6/25/25,GP2A,Jane,Great Pasture,y,y,,4,75,0,30,,,0,60,0,50,25,0,20,0,68,,,,,,,,,,,,,,,,,,,,
6/25/25,GP2A,Jane,Great Pasture,y,y,,5,95,1,30,,,2,90,1,30,25,0,0,0,125,2,,,1,,,,,,,,,,,,,,,,
6/25/25,GP2A,Jane,Great Pasture,y,y,,6,80,0,50,,,25,50,0,15,5,0,10,0,95,,,,,25,,,,,,,,,,,,,,,
6/25/25,GP2A,Jane,Great Pasture,y,y,,7,90,0,40,,,0,30,0,25,10,0,0,0,85,,,,,,,,,,,,,,,,,,,,
6/25/25,GP2A,Jane,Great Pasture,y,y,,8,50,0,50,,,0,75,0,20,20,0,10,0,115,,,,,,,,,,,,,,,,,,,,
6/25/25,GP2A,Jane,Great Pasture,y,y,,9,75,0,35,,,0,60,50,0,0,0,0,0,130,,,,50,,,,,,,,,,,,,,,,
6/25/25,GP2A,Jane,Great Pasture,y,y,,10,75,0,25,,,0,85,0,80,70,0,0,0,100,,,,,,,,,,,,,,,,,,,,
6/25/25,GP2A,Jane,Great Pasture,y,y,,11,25,0,80,,,1,50,0,40,2,0,10,0,118,1,,,,,,,,,,,,,,,,,,,
6/25/25,GP2A,Jane,Great Pasture,y,y,,12,60,0,90,,,0,50,0,0,0,0,15,0,137,,,,,,,,,,,,,,,,,,,,
6/25/25,GP2A,Jane,Great Pasture,y,y,,13,80,0,40,,,0,75,0,0,0,0,0,0,108,,,,,,,,,,,,,,,,,,,,
6/25/25,GP2A,Jane,Great Pasture,y,y,,14,50,0,5,,,0,95,0,90,90,0,0,0,105,,,,,,,,,,,,,,,,,,,,
6/25/25,GP2A,Jane,Great Pasture,y,y,,15,0,0,60,,,0,75,0,0,20,0,90,0,80,,,,,,,,,,,,,,,,,,,,
6/25/25,GP2A,Jane,Great Pasture,y,y,,16,15,0,80,,,0,90,20,0,50,0,80,0,100,,,,,,,,,,,,,,,,,,,,
6/25/25,GP2A,Jane,Great Pasture,y,y,,17,80,0,30,,,0,25,0,0,10,0,10,0,105,,,,,,,,,,,,,,,,,,,,
6/25/25,GP2A,Jane,Great Pasture,y,y,,18,5,0,100,,,0,50,5,0,40,0,10,0,130,,,,50,,,,,,,,,,,,,,,,
6/25/25,GP2A,Jane,Great Pasture,y,y,,19,85,70,50,,,0,10,0,0,1,0,20,0,166,,,,,,,,,,,,,,,,,,,,
6/25/25,GP2A,Jane,Great Pasture,y,y,,20,50,35,50,,,0,15,10,0,0,0,25,0,140,,,,10,,,,,,,,,,,,,,,,
6/25/25,GP2A,Jane,Great Pasture,y,y,,21,30,5,95,,,0,20,2,10,5,0,50,0,163,,,,2,,,,,,,,,,,,,,,,
6/10/25,Briar,Jane,,n,y,,1,85,5,10,,,0,15,0,1,0,5,5,0,97,,,,,,,,,,,,,,,,,,,,
6/10/25,Briar,Jane,,n,y,,2,50,0,0,,,0,15,0,0,15,25,25,0,60,,,,,,,,,,,,,,,,,,,,
6/10/25,Briar,Jane,,n,y,,3,80,0,0,,,0,70,0,50,5,10,5,0,94,,,,,,,,,,,,,,,,,,,,
6/10/25,Briar,Jane,,n,y,,4,75,0,0,,,0,60,0,50,10,25,5,0,92,,,,,,,,,,,,,,,,,,,,
6/10/25,Briar,Jane,,n,y,,5,80,0,0,,,0,50,0,50,30,20,1,0,95,,,,,,,,,,,,,,,,,,,,
6/10/25,Briar,Jane,,n,y,,6,80,0,0,,,0,35,0,30,15,20,1,0,100,,,,,,,,,,,,,,,,,,,,
6/10/25,Briar,Jane,,n,y,,7,25,0,0,,,0,80,0,2,25,40,0,0,50,,,,,,,,,,,,,,,,,,,,
6/10/25,Briar,Jane,,n,y,,8,90,0,0,,,0,60,0,25,30,0,5,0,100,,,,,,,,,,,,,,,,,,,,
6/10/25,Briar,Jane,,n,y,,9,70,0,5,,,0,60,0,2,30,30,5,0,78,,,,,,,,,,,,,,,,,,,,
6/10/25,Briar,Jane,,n,y,,10,50,0,0,,,0,90,0,20,25,25,5,0,82,,,,,,,,,,,,,,,,,,,,
6/10/25,Briar,Jane,,n,y,,11,80,0,0,,,0,40,0,5,25,5,25,0,104,,,,,,,,,,,,,,,,,,,,
6/16/25,GP2B,Jane,Great Pasture,y,y,,1,95,0,0,,,0,10,0,10,2,0,5,0,68,,,1,,,,1,,,,,,,,,,,,,
6/16/25,GP2B,Jane,Great Pasture,y,y,,2,90,0,0,,,0,35,0,30,5,0,10,0,76,,,,,,,,,,,,,,,,,,,,
6/16/25,GP2B,Jane,Great Pasture,y,y,,3,100,0,0,,,0,5,0,1,1,0,0,0,80,,,,,,,,,,,,,,,,,,,,
6/16/25,GP2B,Jane,Great Pasture,y,y,,4,100,0,0,,,0,85,0,5,80,0,5,0,80,,,,,,,,,,,,,,,,,,,,
6/16/25,GP2B,Jane,Great Pasture,y,y,,5,100,0,0,,,0,85,0,80,50,0,0,0,70,,,,,,,,,,,,,,,,,,,,
6/16/25,GP2B,Jane,Great Pasture,y,y,,6,85,0,0,,,0,5,0,3,1,0,15,0,128,,,,,,,,,,,,,,,,,,,,
6/16/25,GP2B,Jane,Great Pasture,y,y,,7,95,0,0,,,0,70,0,60,15,0,5,0,72,,,,,,,,,,,,,,,,,,,,
6/16/25,GP2B,Jane,Great Pasture,y,y,,8,80,0,5,,,0,35,0,10,1,0,5,0,74,,,,,,,,,,,,,,,,,,,,
6/16/25,GP2B,Jane,Great Pasture,y,y,,9,80,0,0,,,0,85,0,75,75,0,0,0,85,,,,,,,,,,,,,,,,,,,,
6/16/25,GP2B,Jane,Great Pasture,y,y,,10,85,0,5,,,0,95,0,80,60,0,0,0,100,,,,,,,,,,,,,,,,,,,,
6/18/25,GP2B,Jane,Great Pasture,y,y,,11,60,0,0,,,0,60,0,1,5,20,20,0,50,,,,,,,,,,,,,,,,,,,,
6/18/25,GP2B,Jane,Great Pasture,y,y,,12,90,0,0,,,0,30,0,20,25,0,15,0,67,,,,,,,,,,,,,,,,,,,,
6/18/25,GP2B,Jane,Great Pasture,y,y,,13,95,0,0,,,0,35,0,30,25,10,30,90,105,,,,,,,,,,,,,,,,,,,,
6/18/25,GP2B,Jane,Great Pasture,y,y,,14,95,0,0,,,0,25,0,20,5,0,5,85,157,,,,,,,,,,,,,,,,,,,,
6/18/25,GP2B,Jane,Great Pasture,y,y,,15,75,0,0,,,1,10,0,10,10,0,25,0,82,,,,,,,,,,,,,,,,,,,,
6/18/25,GP2B,Jane,Great Pasture,y,y,,16,40,0,50,,,25,25,0,5,0,0,60,100,100,,,,,,,,,,,,,,,,,,,,
6/18/25,GP2B,Jane,Great Pasture,y,y,,17,70,0,0,,,0,80,0,80,75,0,0,0,80,,,,,,,,,,,,,,,,,,,,
6/18/25,GP2B,Jane,Great Pasture,y,y,,18,100,0,50,,,0,1,0,1,1,0,0,0,101,,,,,,,,,,,,,,,,,,,,
6/18/25,GP2B,Jane,Great Pasture,y,y,,19,90,0,5,,,0,40,0,10,15,0,15,0,139,,,,,,,,,,,,,,,,,,,,
6/18/25,GP2B,Jane,Great Pasture,y,y,,20,95,0,0,,,0,10,0,1,10,0,5,0,94,,,,,,,,,,,,,,,,,,,,
6/18/25,GP2B,Jane,Great Pasture,y,y,,21,70,0,0,,,0,75,0,40,20,0,30,0,78,,,,,,,,,,,,,,,,,,,,
5/30/25,Plains,Jane,,n,y,,1,80,0,0,,,0,90,0,85,30,10,0,0,120,,,,,,,,,,,,,,,,,,,,
5/30/25,Plains,Jane,,n,y,,2,75,0,0,,,0,40,0,15,0,25,0,0,105,,,,,,,,,,,,,,,,,,,,
5/30/25,Plains,Jane,,n,y,,3,50,0,0,,,0,95,0,75,2,10,10,0,105,,,,,,,,,,,,,,,,,,,,
5/30/25,Plains,Jane,,n,y,,4,40,0,0,,,0,95,0,75,1,0,20,0,96,,,,,,,,,,,,,,,,,,,,
5/30/25,Plains,Jane,,n,y,,5,75,0,0,,,0,60,0,40,2,20,20,0,109,,,,,,,,,,,,,,,,,,,,
5/30/25,Plains,Jane,,n,y,,6,75,0,0,,,0,85,0,40,2,60,10,0,80,,,,,,,,,,,,,,,,,,,,
5/30/25,Plains,Jane,,n,y,,7,85,0,0,,,0,60,0,50,5,30,5,0,120,,,,,,,,,,,,,,,,,,,,
5/30/25,Plains,Jane,,n,y,,8,60,0,0,,,0,70,0,35,5,0,30,0,90,,,,,,,,,,,,,,,,,,,,
5/30/25,Plains,Jane,,n,y,,9,85,0,0,,,0,45,0,30,0,1,15,0,98,,,,,,,,,,,,,,,,,,,,
5/30/25,Plains,Jane,,n,y,,10,85,0,0,,,0,80,0,60,2,0,20,0,125,,,,,,,,,,,,,,,,,,,,
5/30/25,Plains,Jane,,n,y,,11,65,0,0,,,0,85,0,80,1,10,5,0,104,,,,,,,,,,,,,,,,,,,,
5/30/25,Plains,Jane,,n,y,,12,50,0,0,,,0,45,0,40,1,50,0,0,79,,,,,,,,,,,,,,,,,,,,
5/30/25,Plains,Jane,,n,y,,13,85,0,0,,,0,60,0,50,5,15,5,0,104,,,,,,,,,,,,,,,,,,,,
5/30/25,Plains,Jane,,n,y,,14,10,0,0,,,0,70,0,40,1,50,0,0,38,,,,,,,,75,,,,,,,,,,,,
5/30/25,Plains,Jane,,n,y,,15,90,0,0,,,0,85,0,80,1,1,0,0,85,,,,,,,,,,,,,,,,,,,,
5/30/25,Plains,Jane,,n,y,,16,40,0,0,,,0,95,0,85,10,1,5,0,98,,,,,,,,,,,,,,,,,,,,
5/30/25,Plains,Jane,,n,y,,17,30,0,0,,,0,95,0,75,20,20,0,0,110,,,,,,,25,,,,,,,,,,,,,
5/30/25,Plains,Jane,,n,y,,18,90,0,5,,,0,85,0,75,5,0,0,0,113,,,,,,,,,,,,,,,,,,,,
5/30/25,Plains,Jane,,n,y,,19,50,0,0,,,0,95,0,90,60,0,0,0,105,,,,,,,,,,,,,,,,,,,,
5/30/25,Plains,Jane,,n,y,,20,80,0,0,,,0,45,0,40,5,20,0,0,125,,,,,,,,,,,,,,,,,,,,
Plains Averages,,,,,,,,65,0,0.25,,,0,74,0,58,7.9,16.15,7.25,0,100.45,,,,,,,,,,,,,,,,,,,,
8/5/25,Underhill,Leah & Jane,,n,y,,1,75,20,"S: 5, R: 5",5,5,0,40,0,10,30,20,10,0,128,,,,,,,,,,,,,,,,,,,,
8/5/25,Underhill,Leah & Jane,,n,y,,2,95,80,,0,0,0,0,0,5,5,5,20,0,165,,,,,,,,,,,,,,,,,,,,
8/5/25,Underhill,Leah & Jane,,n,y,,3,85,65,S: 1,1,0,0,15,15,0,15,5,30,0,205,,,,,,,,,,,,,,,,,,,,
8/5/25,Underhill,Leah & Jane,,n,y,,4,80,5,"S: 50, R: 10",50,10,0,0,0,0,0,5,20,0,168,,,,,,,,,,,,,,,,,,,,
8/5/25,Underhill,Leah & Jane,,n,y,,5,90,20,R: 10,0,10,0,5,0,2,0,0,25,0,152,,,,,,,,,,,,,,,,,,,,
8/5/25,Underhill,Leah & Jane,,n,y,,6,80,5,,0,0,0,50,0,45,45,5,10,0,92,,,,,,,,,,,,,,,,,,,,
8/5/25,Underhill,Leah & Jane,,n,y,,7,80,25,,0,0,0,40,0,40,40,0,40,5,113,,,,,,,,,,,,,,,,,,,,
8/5/25,Underhill,Leah & Jane,,n,y,,8,35,5,,0,0,0,65,0,45,65,5,10,0,122,,,,,,,,,,,,,,,,,,,,
8/5/25,Underhill,Leah & Jane,,n,y,,9,60,0,,0,0,0,30,0,30,30,0,20,10,123,,,,,,,,,,,,,,,,,,,,
8/5/25,Underhill,Leah & Jane,,n,y,,10,85,5,,0,0,0,20,0,15,20,0,5,0,112,,,,,,,,,,,,,,,,,,,,
8/5/25,Underhill,Leah & Jane,,n,y,,11,70,5,"S: 3, R: 5",3,5,0,10,0,2,10,10,10,0,123,,,,,,,,,,,,,,,,,,,,
8/5/25,Underhill,Leah & Jane,,n,y,,12,30,10,,0,0,80,5,0,0,5,5,0,0,116,,,,,,,,,,,,,,,,,,,,
8/5/25,Underhill,Leah & Jane,,n,y,,13,30,1,,0,0,30,20,0,0,20,25,10,0,132,,,,,,,,,,,,,,,,,,,,
8/5/25,Underhill,Leah & Jane,,n,y,,14,20,0,,0,0,75,0,0,0,0,10,30,0,94,,,,,,,,,,,,,,,,,,,,
8/5/25,Underhill,Leah & Jane,,n,y,,15,5,0,S: 2,2,0,90,0,0,0,0,5,10,0,87,,,,,,,,,,,,,,,,,,,,
8/5/25,Underhill,Leah & Jane,,n,y,,16,5,0,,0,0,60,0,0,0,0,10,10,0,86,,,,,,,,,,,,,,,,,,,,
8/5/25,Underhill,Leah & Jane,,n,y,,17,5,0,,0,0,80,0,0,0,0,5,25,0,84,,,,,,,,,,,,,,,,,,,,
8/5/25,Underhill,Leah & Jane,,n,y,,18,20,0,,0,0,90,5,0,0,5,0,30,0,98,,,,,,,,,,,,,,,,,,,,
8/5/25,Underhill,Leah & Jane,,n,y,,19,90,20,,0,0,0,5,0,5,0,15,10,0,134,,,,,,,,,,,,,,,,,,,,
8/5/25,Underhill,Leah & Jane,,n,y,,20,65,5,,0,0,0,45,0,40,45,0,0,0,117,,,,,,,,,,,,,,,,,,,,
Underhill Averages,,,,,,,,55.25,13.55,,3.05,1.5,25.25,17.75,0.75,11.95,16.75,6.5,16.25,0.75,122.55,,,,,,,,,,,,,,,,,,,,
8/5/25,Underhill Wet,Leah & Jane,Underhill Wet Meadow,y,y,,1,90,60,,0,0,0,35,35,2,35,2,5,0,176,,,,,,,,,,,,,,,,,,,,
8/5/25,Underhill Wet,Leah & Jane,Underhill Wet Meadow,y,y,,2,50,10,"S: 8, R:2",8,2,0,40,0,5,5,0,0,0,174,,,,,,,,,,,,,,,,,,,,
8/5/25,Underhill Wet,Leah & Jane,Underhill Wet Meadow,y,y,,3,20,0,"S: 1, R: 5",1,5,0,45,10,15,10,0,5,0,116,,,,,,,,,,,,,,,,,,,,
8/5/25,Underhill Wet,Leah & Jane,Underhill Wet Meadow,y,y,,4,25,10,R: 8,0,8,0,30,10,5,10,0,10,0,120,,,,,,,,,,,,,,,,,,,,
8/5/25,Underhill Wet,Leah & Jane,Underhill Wet Meadow,y,y,,5,95,90,S: 2,2,0,0,10,2,0,10,5,10,0,173,,,,,,,,,,,,,,,,,,,,
8/5/25,Underhill Wet,Leah & Jane,Underhill Wet Meadow,y,y,,6,80,0,"S: 10, R:10",10,10,0,15,0,0,5,0,0,0,83,,,,,,,,,,,,,,,,,,,,
8/5/25,Underhill Wet,Leah & Jane,Underhill Wet Meadow,y,y,,7,85,1,"S: 20, R:5",20,5,0,5,1,2,1,0,30,0,112,,,,,,,,,,,,,,,,,,,,
8/5/25,Underhill Wet,Leah & Jane,Underhill Wet Meadow,y,y,,8,75,15,S: 25,25,0,0,0,0,0,0,20,5,0,138,,,,,,,,,,,,,,,,,,,,
8/5/25,Underhill Wet,Leah & Jane,Underhill Wet Meadow,y,y,,9,70,10,"S: 40, R: 10",40,10,0,30,20,0,30,5,10,0,123,,,,,,,,,,,,,,,,,,,,
8/5/25,Underhill Wet,Leah & Jane,Underhill Wet Meadow,y,y,,10,90,20,S: 5,5,0,0,1,0,0,0,5,0,0,135,,,,,,,,,,,,,,,,,,,,
8/5/25,Underhill Wet,Leah & Jane,Underhill Wet Meadow,y,y,,11,45,5,"S: 20, R: 60",20,60,0,20,15,5,5,10,20,0,115,,,,,,,,,,,,,,,,,,,,
8/5/25,Underhill Wet,Leah & Jane,Underhill Wet Meadow,y,y,,12,55,25,S: 5,5,0,0,1,0,0,0,5,40,0,140,,,,,,,,,,,,,,,,,,,,
8/5/25,Underhill Wet,Leah & Jane,Underhill Wet Meadow,y,y,,13,50,5,"S: 10, R: 5",10,5,0,40,30,5,40,0,20,0,126,,,,,,,,,,,,,,,,,,,,
8/5/25,Underhill Wet,Leah & Jane,Underhill Wet Meadow,y,y,,14,90,40,,0,0,0,1,0,0,0,0,10,0,154,,,,,,,,,,,,,,,,,,,,
8/5/25,Underhill Wet,Leah & Jane,Underhill Wet Meadow,y,y,,15,95,90,R: 15,0,15,0,5,5,0,0,5,30,0,168,,,,,,,,,,,,,,,,,,,,
8/5/25,Underhill Wet,Leah & Jane,Underhill Wet Meadow,y,y,,16,90,80,R: 10,0,10,0,1,0,1,0,5,20,0,140,,,,,,,,,,,,,,,,,,,,
8/5/25,Underhill Wet,Leah & Jane,Underhill Wet Meadow,y,y,,17,70,60,R: 30,0,30,0,5,5,0,0,5,10,0,150,,,,,,,,,,,,,,,,,,,,
8/5/25,Underhill Wet,Leah & Jane,Underhill Wet Meadow,y,y,,18,70,40,S: 60,60,0,0,2,0,2,0,0,20,0,162,,,,,,,,,,,,,,,,,,,,
8/5/25,Underhill Wet,Leah & Jane,Underhill Wet Meadow,y,y,,19,60,5,S: 15,15,0,5,20,10,10,20,0,20,0,98,,,,,,,,,,,,,,,,,,,,
8/5/25,Underhill Wet,Leah & Jane,Underhill Wet Meadow,y,y,,20,35,5,S: 5,5,0,5,60,0,60,60,0,10,0,110,,,,,,,,,,,,,,,,,,,,
Underhill Wet Averages,,,,,,,,67,28.55,,11.3,8,0.5,18.3,7.15,5.6,11.55,3.35,13.75,0,135.65,,,,,,,,,,,,,,,,,,,,
8/11/25,GP4A,Leah & Jane,Great Pasture,Y,Y,,1,65,0,,15,0,0,40,0,40,40,2,10,0,95,,,,,,,,,,,,,,,,,,,,
8/11/25,GP4A,Leah & Jane,Great Pasture,Y,Y,,2,50,0,,2,0,0,30,0,20,20,5,20,0,88,,,,,,,,,,,,,,,,,,,,
8/11/25,GP4A,Leah & Jane,Great Pasture,Y,Y,,3,80,0,,0,0,0,20,0,15,15,0,2,0,105,,,,,,,,,,,,,,,,,,,,
8/11/25,GP4A,Leah & Jane,Great Pasture,Y,Y,,4,90,0,,2,0,0,10,0,10,0,0,10,0,91,,,,,,,,,,,,,,,,,,,,
8/11/25,GP4A,Leah & Jane,Great Pasture,Y,Y,,5,75,0,,2,0,0,25,0,25,25,2,10,0,96,,,,,,,,,,,,,,,,,,,,
8/11/25,GP4A,Leah & Jane,Great Pasture,Y,Y,,6,30,0,,0,0,2,70,0,60,30,2,10,0,77,2,,,,,,,,,,,,,,,,,,,
8/11/25,GP4A,Leah & Jane,Great Pasture,Y,Y,,7,25,0,,0,0,60,15,0,10,10,5,20,0,112,40,,,,,,,,,,,,,,,,,,,
8/11/25,GP4A,Leah & Jane,Great Pasture,Y,Y,,8,70,0,,2,0,35,30,0,15,5,5,10,0,96,,,,,,,,,,,,,,,,,,,,
8/11/25,GP4A,Leah & Jane,Great Pasture,Y,Y,,9,85,0,,10,0,0,10,0,5,5,5,20,0,101,,,,,,,,,,,,,,,,,,,,
8/11/25,GP4A,Leah & Jane,Great Pasture,Y,Y,,10,90,0,,2,0,0,20,0,10,2,0,5,0,85,,,,,,,,,,,,,,,,,,,,
8/11/25,GP4A,Leah & Jane,Great Pasture,Y,Y,,11,95,0,,0,0,0,2,0,2,0,2,20,0,102,,,,,,,,,,,,,,,,,,,,
8/11/25,GP4A,Leah & Jane,Great Pasture,Y,Y,,12,50,0,,1,0,60,5,0,5,5,0,5,0,92,45,,,,,,,,,,,,,,,,,,,
8/11/25,GP4A,Leah & Jane,Great Pasture,Y,Y,,13,40,0,,0,0,20,40,0,35,30,2,10,0,130,20,,,,,,,,,,,,,,,,,,,
8/11/25,GP4A,Leah & Jane,Great Pasture,Y,Y,,14,70,0,,0,0,0,30,0,30,10,5,15,0,75,,,,,,,,,,,,,,,,,,,,
8/11/25,GP4A,Leah & Jane,Great Pasture,Y,Y,,15,60,0,,15,0,0,10,0,5,0,10,30,0,77,,,,,,,,,,,,,,,,,,,,cows present
8/11/25,GP4A,Leah & Jane,Great Pasture,Y,Y,,16,55,0,,1,0,25,15,0,10,5,10,35,0,85,25,,,,,,,,,,,,,,,,,,,cows present
8/11/25,GP4A,Leah & Jane,Great Pasture,Y,Y,,17,60,0,,10,2,0,40,0,2,25,8,5,0,109,,,,,,,,,,,,,,,,,,,,cows present
8/11/25,GP4A,Leah & Jane,Great Pasture,Y,Y,,18,95,0,,10,60,0,10,0,0,10,0,10,0,122,,,,,,,,,,,,,,,,,,,,cows present
8/11/25,GP4A,Leah & Jane,Great Pasture,Y,Y,,19,75,0,,0,10,15,2,0,2,0,5,20,0,77,15,,,,,,,,,,,,,,,,,,,cows present
8/11/25,GP4A,Leah & Jane,Great Pasture,Y,Y,,20,80,0,,0,0,30,5,0,5,5,0,0,0,80,30,,,,,,,,,,,,,,,,,,,cows present
7/29/25,Lower Underhill,Jane,Underhill Lower,Y,Y,,1,80,80,,0,0,0,3,3,0,3,0,40,0,80,0,,,3,,,,,80,,,,,,,,,,,
7/29/25,Lower Underhill,Jane,Underhill Lower,Y,Y,,2,90,60,,0,0,0,2,0,2,0,0,10,0,103,,,,,,,,,60,,,,,,,,,,,
7/29/25,Lower Underhill,Jane,Underhill Lower,Y,Y,,3,15,15,,0,0,0,100,0,0,100,10,10,0,72,,,,,,,,,15,,,,,,,,,,,
7/29/25,Lower Underhill,Jane,Underhill Lower,Y,Y,,4,60,30,,0,0,0,5,0,5,0,0,40,0,97,,,,,,,,,30,,,,,,,,,,,
7/29/25,Lower Underhill,Jane,Underhill Lower,Y,Y,,5,85,70,,0,0,0,35,0,5,1,0,40,0,70,,,,,,,1,,70,,,,,,,,,,,
7/29/25,Lower Underhill,Jane,Underhill Lower,Y,Y,,6,50,10,,40,0,0,30,5,0,5,0,15,0,94,,,,5,,,,,10,,,,,,,,,,,
7/29/25,Lower Underhill,Jane,Underhill Lower,Y,Y,,7,5,2,,10,15,0,90,30,0,30,0,5,0,85,,,,30,,,,,2,,,,,,,,,,,
7/29/25,Lower Underhill,Jane,Underhill Lower,Y,Y,,8,30,0,,20,0,8,70,10,0,20,0,20,0,70,,,,10,,,,,,,,,,,,,,,,
7/29/25,Lower Underhill,Jane,Underhill Lower,Y,Y,,9,30,3,,20,0,0,50,20,1,20,0,20,0,70,,,,20,,,,,3,,,,,,,,,,,
7/29/25,Lower Underhill,Jane,Underhill Lower,Y,Y,,10,85,15,,0,0,0,70,20,0,1,0,25,0,82,,,,15,,,,,15,,,,,,,,,,,
7/29/25,Lower Underhill,Jane,Underhill Lower,Y,Y,,11,40,15,,70,0,0,60,20,0,1,0,25,0,100,,,,20,,,,,15,,,,,,,,,,,
7/28/25,Barberry Woods,Leah & Jane,,n,y,,1,0,0,,0,,40,100,0,0,0,0,60,50,200,,,,,,,,,,100,20,,,,,,,,,
7/28/25,Barberry Woods,Leah & Jane,,n,y,,2,10,0,,0,,25,3,0,0,3,0,80,100,90,,,,,,0,,,,,,20,0,10,,,,,,
7/28/25,Barberry Woods,Leah & Jane,,n,y,,3,0,0,,0,,80,5,0,0,0,20,80,50,70,,,,,,0,,,,,,70,40,,,,,,,
7/28/25,Barberry Woods,Leah & Jane,,n,y,,4,70,0,,0,,90,0,0,0,0,0,100,80,110,,,,,,25,,,,,,80,0,,,,,,,
7/28/25,Barberry Woods,Leah & Jane,,n,y,,5,5,0,,25,,75,5,0,0,5,0,85,40,50,,,,,,0,,,,,,75,15,,,,,,,
7/28/25,Barberry Woods,Leah & Jane,,n,y,,6,0,0,,0,,85,5,0,0,0,0,100,10,90,,,,,,0,,,,,,85,0,,,,,,,
7/28/25,Barberry Woods,Leah & Jane,,n,y,,7,10,0,,0,,90,0,0,0,0,0,100,10,90,,,,,,20,,,,,,75,30,,,,,,,
7/28/25,Barberry Woods,Leah & Jane,,n,y,,8,0,0,,0,,100,5,0,0,0,0,100,100,70,,,,,,30,,,,,,100,0,,,,,,,
7/28/25,Barberry Woods,Leah & Jane,,n,y,,9,0,0,,0,,90,5,0,0,5,0,100,80,60,,,,,,10,,,,,,90,10,,,,,,,
7/28/25,Barberry Woods,Leah & Jane,,n,y,,10,25,0,,10,,80,10,0,5,2,2,90,100,45,,,,,,5,,,,,,60,0,,,,,,,
7/28/25,Barberry Woods,Leah & Jane,,n,y,,11,30,0,,0,,65,10,0,0,2,2,20,75,97,,,,,,5,,,,5,,0,20,,,,,,,
7/28/25,Barberry Woods,Leah & Jane,,n,y,,12,50,0,,0,,10,2,0,0,0,0,40,90,71,,,,,,0,,,,,,0,10,,,,,,,
7/28/25,Barberry Woods,Leah & Jane,,n,y,,13,15,0,,0,,80,5,0,0,0,0,25,70,99,,,,,,0,,,,,,60,15,,,,,,,
7/28/25,Barberry Woods,Leah & Jane,,n,y,,14,10,0,,0,,85,15,0,0,15,0,30,30,120,5,,,,,10,,,,10,,70,2,,,,,,,
7/28/25,Barberry Woods,Leah & Jane,,n,y,,15,15,0,,0,,70,20,0,0,20,0,20,65,98,5,,,,,0,,,,,,60,5,,,,,,,
7/28/25,Barberry Woods,Leah & Jane,,n,y,,16,5,0,,5,,90,5,0,0,0,5,25,60,95,,,,,,70,,,,,,5,5,,,,,,,
7/28/25,Barberry Woods,Leah & Jane,,n,y,,17,2,0,,0,,75,10,0,0,5,0,60,40,58,,,,,,50,,,,,,20,2,,,,,,,
7/28/25,Barberry Woods,Leah & Jane,,n,y,,18,30,0,,10,,70,5,0,0,5,0,30,20,76,,,,,,45,,,,,,25,0,,,,,,,
7/28/25,Barberry Woods,Leah & Jane,,n,y,,19,10,0,,5,,0,80,0,2,60,10,10,65,128,,,,,,0,,,,,,0,0,,,,,,,
7/28/25,Barberry Woods,Leah & Jane,,n,y,,20,25,0,,15,,90,10,0,0,8,0,20,80,118,,,,,,5,,,,5,,75,10,,,,,,,
8/7/25,GP8B,Leah & Jane,Great Pasture West,y,y,,1,75,0,,5,,2,10,0,8,10,0,30,0,94,,,,,,,,,,,,,,,,,,,,
8/7/25,GP8B,Leah & Jane,Great Pasture West,y,y,,2,90,0,,5,,0,10,0,2,10,0,20,0,78,,,,,,,,,,,,,,,,,,,,
8/7/25,GP8B,Leah & Jane,Great Pasture West,y,y,,3,80,0,,5,,15,15,0,2,10,0,5,0,87,,,,,,,,,,,,,,,,,,,,
8/7/25,GP8B,Leah & Jane,Great Pasture West,y,y,,4,65,0,,0,,0,30,0,25,30,2,10,0,80,,,,,,,,,,,,,,,,,,,,
8/7/25,GP8B,Leah & Jane,Great Pasture West,y,y,,5,60,0,,2,,0,40,0,35,40,0,10,0,96,,,,,,,,,,,,,,,,,,,,
8/7/25,GP8B,Leah & Jane,Great Pasture West,y,y,,6,85,0,,0,,0,20,0,20,20,0,0,0,109,,,,,,,,,,,,,,,,,,,,
8/7/25,GP8B,Leah & Jane,Great Pasture West,y,y,,7,95,0,,0,,0,2,0,2,2,0,5,0,70,,,,,,,,,,,,,,,,,,,,
8/7/25,GP8B,Leah & Jane,Great Pasture West,y,y,,8,20,0,,2,,0,75,0,70,75,0,0,0,65,,,,,,,,,,,,,,,,,,,,
8/7/25,GP8B,Leah & Jane,Great Pasture West,y,y,,9,50,0,,1,,0,45,0,35,40,0,5,0,82,,,,,,,,,,,,,,,,,,,,
8/7/25,GP8B,Leah & Jane,Great Pasture West,y,y,,10,90,0,,2,,0,20,0,20,20,0,0,0,112,,,,,,,,,,,,,,,,,,,,
8/7/25,GP8B,Leah & Jane,Great Pasture West,y,y,,11,70,0,,0,,15,10,0,10,10,2,10,0,95,,,,,,,,,,,,,,,,,,,,
8/7/25,GP8B,Leah & Jane,Great Pasture West,y,y,,12,20,0,,0,,0,80,0,80,80,0,5,0,65,,,,,,,,,,,,,,,,,,,,
8/7/25,GP8B,Leah & Jane,Great Pasture West,y,y,,13,35,0,,0,,0,30,0,25,25,0,35,0,104,,,,,,,,,,,,,,,,,,,,
8/7/25,GP8B,Leah & Jane,Great Pasture West,y,y,,14,35,0,,0,,0,35,0,30,30,0,30,0,122,,,,,,,,,,,,,,,,,,,,
8/7/25,GP8B,Leah & Jane,Great Pasture West,y,y,,15,30,0,,0,,0,60,0,50,55,0,15,0,95,,,,,,,,,,,,,,,,,,,,
8/7/25,GP8B,Leah & Jane,Great Pasture West,y,y,,16,40,0,,0,,0,60,0,55,60,0,5,0,105,,,,,,,,,,,,,,,,,,,,
8/7/25,GP8B,Leah & Jane,Great Pasture West,y,y,,17,30,0,,0,,0,70,0,20,70,5,20,0,111,,,,,,,,,,,,,,,,,,,,
8/7/25,GP8B,Leah & Jane,Great Pasture West,y,y,,18,75,0,,0,,0,20,0,20,20,0,5,0,85,,,,,,,,,,,,,,,,,,,,
8/7/25,GP8B,Leah & Jane,Great Pasture West,y,y,,19,90,0,,0,,0,1,0,0,0,0,10,0,112,,,,,,,,,,,,,,,,,,,,
8/7/25,GP8B,Leah & Jane,Great Pasture West,y,y,,20,45,0,,0,,25,30,0,20,20,5,20,0,81,,,,,,,,,,,,,,,,,,,,
7/30/25,GP3,Jane,Great Pasture,y,y,,1,95,0,,,,0,25,0,20,10,0,0,0,87,,,,,,,,,,,,,,,,,,,,
7/30/25,GP3,Jane,Great Pasture,y,y,,2,50,0,,,,95,20,0,15,0,0,50,0,130,95,,,,,,,,,,,,,,,,,,,
7/30/25,GP3,Jane,Great Pasture,y,y,,3,95,0,,,,0,30,0,20,0,0,10,0,100,,,,,,,,,,,,,,,,,,,,
7/30/25,GP3,Jane,Great Pasture,y,y,,4,85,0,,,,25,75,0,40,3,15,5,0,72,,,,,25,,,,,,,,,,,,,,,
7/30/25,GP3,Jane,Great Pasture,y,y,,5,90,0,,,,0,70,0,30,30,0,10,0,85,,,,,,,30,,,,,,,,,,,,,
7/30/25,GP3,Jane,Great Pasture,y,y,,6,80,0,,,,0,90,0,30,20,0,15,0,90,,,,,,,40,,,,,,,,,,,,,
7/30/25,GP3,Jane,Great Pasture,y,y,,7,80,0,,,,0,2,0,2,0,0,20,0,102,,,,,,,,,,,,,,,,,,,,
7/30/25,GP3,Jane,Great Pasture,y,y,,8,95,0,,,,0,50,0,50,0,0,10,100,60,,,,,,,,,,,,,,,,,,,,
7/30/25,GP3,Jane,Great Pasture,y,y,,9,15,0,,,,0,90,0,5,10,10,20,0,32,,,,,,,60,,,,,,,,,,,,,
7/30/25,GP3,Jane,Great Pasture,y,y,,10,30,0,,,,0,70,0,35,10,0,50,100,25,,,,,,,,,,,,,,,,,,,,
7/30/25,GP3,Jane,Great Pasture,y,y,,11,40,0,,,,0,30,0,25,0,5,60,0,17,,,,,,,,,,,,,,,,,,,,
7/30/25,GP3,Jane,Great Pasture,y,y,,12,100,0,,,,0,20,0,20,5,0,0,70,56,,,,,,,,,,,,,,,,,,,,
7/30/25,GP3,Jane,Great Pasture,y,y,,13,100,0,,,,0,30,0,5,5,0,0,0,60,,,,,,,20,,,,,,,,,,,,,
7/30/25,GP3,Jane,Great Pasture,y,y,,14,95,0,,,,0,25,0,5,10,0,15,0,70,,,,,,,,,,,,,,,,,,,,
7/30/25,GP3,Jane,Great Pasture,y,y,,15,90,0,,,,25,1,0,0,0,0,20,0,80,25,,,,,,,,,,,,,,,,,,,
7/30/25,GP3,Jane,Great Pasture,y,y,,16,75,0,,,,0,60,0,50,10,0,5,0,65,,,,,,,,,,,,,,,,,,,,
7/30/25,GP3,Jane,Great Pasture,y,y,,17,80,0,,,,0,50,0,15,20,15,60,0,45,,,,,,,,,,,,,,,,,,,,
7/30/25,GP3,Jane,Great Pasture,y,y,,18,95,0,,,,0,80,0,60,5,0,10,0,40,,,,,,,15,,,,,,,,,,,,,
7/30/25,GP3,Jane,Great Pasture,y,y,,19,80,0,,,,0,80,0,50,60,0,0,0,80,,,,,,,60,,,,,,,,,,,,,
7/30/25,GP3,Jane,Great Pasture,y,y,,20,40,0,,,,0,70,0,70,20,0,50,0,40,,,,,,,,,,,,,,,,,,,,
6/18/25,Sunset Hill,Jane,Sunset Hill,y,y,,1,60,0,,,,0,55,0,40,3,0,25,0,77,,,,,,,,,,,,,,,,,,,,
6/18/25,Sunset Hill,Jane,Sunset Hill,y,y,,2,30,0,,,,0,85,0,40,20,1,1,0,100,,,,,,,,,,,,,,,,,,,,
6/18/25,Sunset Hill,Jane,Sunset Hill,y,y,,3,80,0,,,,0,50,0,45,25,5,1,0,95,,,,,,,,,,,,,,,,,,,,
6/18/25,Sunset Hill,Jane,Sunset Hill,y,y,,4,90,0,,,,0,60,0,50,20,0,1,0,130,,,,,,,,,,,,,,,,,,,,
6/18/25,Sunset Hill,Jane,Sunset Hill,y,y,,5,40,0,,,,0,95,0,75,50,0,0,0,120,,,,,,,,,,,,,,,,,,,,
6/18/25,Sunset Hill,Jane,Sunset Hill,y,y,,6,90,0,,,,0,80,0,75,80,0,0,0,130,,,,,,,,,,,,,,,,,,,,
6/18/25,Sunset Hill,Jane,Sunset Hill,y,y,,7,85,0,,,,0,90,0,60,80,0,0,0,132,,,,,,,,,,,,,,,,,,,,
6/18/25,Sunset Hill,Jane,Sunset Hill,y,y,,8,75,0,,,,0,75,0,5,30,0,25,0,75,,,,,,,,,,,,,,,,,,,,
6/18/25,Sunset Hill,Jane,Sunset Hill,y,y,,9,90,0,,,,0,60,0,50,60,0,20,0,116,,,,,,,,,,,,,,,,,,,,
6/18/25,Sunset Hill,Jane,Sunset Hill,y,y,,10,50,0,,,,0,90,0,50,30,0,5,0,72,,,,,,,,,,,,,,,,,,,,
6/18/25,Sunset Hill,Jane,Sunset Hill,y,y,,11,75,0,,,,0,50,0,10,35,10,25,0,122,,,,,,,,,,,,,,,,,,,,
6/18/25,Sunset Hill,Jane,Sunset Hill,y,y,,12,95,0,,,,0,90,0,75,60,0,0,0,104,,,,,,,,,,,,,,,,,,,,
6/18/25,Sunset Hill,Jane,Sunset Hill,y,y,,13,90,0,,,,0,80,0,60,50,0,5,0,110,,,,,,,,,,,,,,,,,,,,
6/18/25,Sunset Hill,Jane,Sunset Hill,y,y,,14,60,0,10,,,0,5,0,1,1,10,40,0,96,,,,,,,,,,,,,,,,,,,,
6/18/25,Sunset Hill,Jane,Sunset Hill,y,y,,15,75,0,,,,0,75,0,25,25,0,25,0,82,,,,,,,25,,,,,,,,,,,,,
6/18/25,Sunset Hill,Jane,Sunset Hill,y,y,,16,90,0,,,,0,35,0,1,20,5,30,0,68,,,,,,,,,,,,,,,,,,,,
6/18/25,Sunset Hill,Jane,Sunset Hill,y,y,,17,75,0,,,,0,80,0,30,50,10,20,0,60,,,,,,,20,,,,,,,,,,,,,
6/18/25,Sunset Hill,Jane,Sunset Hill,y,y,,18,75,0,,,,0,85,0,25,20,1,10,0,115,,,,,,,15,,,,,,,,,,,,,
6/18/25,Sunset Hill,Jane,Sunset Hill,y,y,,19,15,0,,,,0,85,0,0,80,2,30,0,70,,,,,,,,,,,,,,,,,,,,
6/18/25,Sunset Hill,Jane,Sunset Hill,y,y,,20,70,0,,,,0,5,0,0,0,0,40,0,115,,,,,,,,,,,,,,,,,,,,
9/9/25,Lower Triangle,Leah & Jane,,n,y,,1,15,0,,5,,0,85,0,30,40,2,0,0,42,,,,,,,,,,,,,,,5,,,,,
9/9/25,Lower Triangle,Leah & Jane,,n,y,,2,10,0,,0,,0,80,0,40,20,5,2,0,47,,,,,,,,,,,,,,,20,,,,,
9/9/25,Lower Triangle,Leah & Jane,,n,y,,3,90,0,,90,,0,10,0,5,2,5,2,0,90,,,,,,,,,,,,,,,,,,,,
9/9/25,Lower Triangle,Leah & Jane,,n,y,,4,100,85,,10,,0,0,0,0,0,5,10,0,80,,,,,,,,,,,,,,,,,,,,
9/9/25,Lower Triangle,Leah & Jane,,n,y,,5,10,0,,10,,0,90,0,50,20,2,10,0,52,,,,,,,,,,,,,,,10,,,,,
9/9/25,Lower Triangle,Leah & Jane,,n,y,,6,95,0,,50,,0,5,0,5,0,0,20,0,92,,,,,,,,,,,,,,,,,,,,
9/9/25,Lower Triangle,Leah & Jane,,n,y,,7,100,90,,5,,0,0,0,0,0,10,10,0,116,,,,,,,,,,,,,,,,,,,,
9/9/25,Lower Triangle,Leah & Jane,,n,y,,8,20,0,,10,,0,80,0,60,30,0,0,0,88,,,,,,,,,,,,,,,,,,,,
9/9/25,Lower Triangle,Leah & Jane,,n,y,,9,10,0,,0,,0,75,0,10,20,10,30,0,50,,,,,,,,,,,,,,,,,,,,
9/9/25,Lower Triangle,Leah & Jane,,n,y,,10,15,0,,0,,0,75,0,40,10,10,40,0,56,,,,,,,,,,,,,,,,,,,,
9/9/25,Lower Triangle,Leah & Jane,,n,y,,11,60,0,,10,,0,30,0,10,5,5,20,0,70,,,,,,,,,,,,,,,,,,,,
9/9/25,Lower Triangle,Leah & Jane,,n,y,,12,80,30,,0,,0,5,0,5,0,10,40,0,35,,,,,,,,,,,,,,,,,,,,
9/8/25,Upper Triangle,Leah & Jane,,n,y,,1,80,0,,10,,0,20,0,15,5,5,10,0,58,,,,,,,,,,,,,,,,,,,,
9/8/25,Upper Triangle,Leah & Jane,,n,y,,2,85,0,,,,0,15,0,10,5,0,20,0,60,,,,,,,,,,,,,,,,,,,,
9/8/25,Upper Triangle,Leah & Jane,,n,y,,3,70,0,,,,0,30,0,20,5,10,10,0,62,,,,,,,,,,,,,,,,,,,,
9/8/25,Upper Triangle,Leah & Jane,,n,y,,4,50,0,,,,0,50,0,25,10,5,10,0,82,,,,,,,,,,,,,,,,,,,,
9/8/25,Upper Triangle,Leah & Jane,,n,y,,5,20,0,,,,0,80,0,70,2,10,40,0,50,,,,,,,,,,,,,,,,,,,,
9/8/25,Upper Triangle,Leah & Jane,,n,y,,6,80,50,,,,0,5,0,5,0,0,60,0,30,,,,,,,,,,,,,,,,,,,,
9/8/25,Upper Triangle,Leah & Jane,,n,y,,7,100,10,,,,0,0,0,0,0,10,50,0,54,,,,,,,,,,,,,,,,,,,,
9/8/25,Upper Triangle,Leah & Jane,,n,y,,8,60,0,,,,0,40,0,5,5,10,30,0,72,,,,,,,,,,,,,,,,,,,,
9/8/25,Upper Triangle,Leah & Jane,,n,y,,9,30,0,,,,0,30,0,10,10,5,60,0,84,,,,,,,,,,,,,,,,,,,,
9/8/25,Upper Triangle,Leah & Jane,,n,y,,10,20,0,,,,0,40,0,30,15,20,60,0,80,,,,,,,,,,,,,,,,,,,,
9/8/25,Upper Triangle,Leah & Jane,,n,y,,11,25,0,,,,0,75,0,60,5,10,30,20,33,,,,,,,,,,,,,,,,,,,,
9/8/25,Upper Triangle,Leah & Jane,,n,y,,12,75,0,,,,5,25,0,20,5,0,5,0,54,,,,,,,,,,,,,,,,,,,,
9/8/25,Upper Triangle,Leah & Jane,,n,y,,13,60,0,,,,2,40,0,30,5,0,0,0,55,2,,,,,,,,,,,,,,,,,,,
9/8/25,Upper Triangle,Leah & Jane,,n,y,,14,80,5,,10,,0,20,0,10,0,10,0,65,80,,,,,,,,,,,,,,,,,,,,
9/8/25,Upper Triangle,Leah & Jane,,n,y,,15,90,10,,40,,0,10,0,10,0,0,0,10,70,,,,,,,,,,,,,,,,,,,,
9/8/25,Upper Triangle,Leah & Jane,,n,y,,16,30,0,,,,0,70,0,65,10,0,10,30,75,,,,,,,,,,,,,,,,,,,,
9/8/25,Upper Triangle,Leah & Jane,,n,y,,17,60,0,,,,0,30,0,25,5,5,30,0,65,,,,,,,,,,,,,,,,,,,,
9/8/25,Upper Triangle,Leah & Jane,,n,y,,18,30,0,,,,0,60,0,20,30,5,10,10,60,,,,,,,,,,,,,,,,,,,,
9/8/25,Upper Triangle,Leah & Jane,,n,y,,19,60,0,,5,,0,30,0,30,2,10,5,0,56,,,,,,,,,,,,,,,,,,,,
9/8/25,Upper Triangle,Leah & Jane,,n,y,,20,60,0,,,,0,20,0,5,15,10,20,0,63,,,,,,,,,,,,,,,,,,,,
10/1/25,Williams 1A,Leah & Jane,,n,y,,1,70,20,0,0,0,0,10,0,10,0,10,50,0,38,,,,,,,,,,,,,,,,,,,,
10/1/25,Williams 1A,Leah & Jane,,n,y,,2,30,0,0,0,0,0,20,0,10,0,10,80,0,30,,,,,,,,,,,,,,,,,,,,
10/1/25,Williams 1A,Leah & Jane,,n,y,,3,10,2,0,0,0,0,80,0,65,2,20,80,0,34,,,,,,,,,,,,,,,,,,,,
10/1/25,Williams 1A,Leah & Jane,,n,y,,4,95,10,0,0,0,0,10,0,10,0,0,10,0,30,,,,,,,,,,,,,,,,,,,,
10/1/25,Williams 1A,Leah & Jane,,n,y,,5,80,0,0,0,0,0,10,0,10,2,10,70,0,27,,,,,,,,,,,,,,,,,,,,
10/1/25,Williams 1A,Leah & Jane,,n,y,,6,20,0,0,0,0,0,75,0,60,0,10,60,0,27,,,,,,,,,,,,,,,,,,,,
10/1/25,Williams 1A,Leah & Jane,,n,y,,7,40,0,0,0,0,0,40,0,35,0,10,50,0,26,,,,,,,,,,,,,,,,,,,,
10/1/25,Williams 1A,Leah & Jane,,n,y,,8,30,2,0,0,0,0,60,0,50,0,20,50,0,38,,,,,,,,,,,,,,,,,,,,
10/1/25,Williams 1A,Leah & Jane,,n,y,,9,40,0,0,0,0,0,50,0,25,2,20,40,0,48,,,,,,,,,,,,,,,,,,,,
10/1/25,Williams 1A,Leah & Jane,,n,y,,10,45,2,0,0,0,0,30,0,20,5,20,40,0,29,,,,,,,,,,,,,,,,,,,,
10/1/25,Williams 1A,Leah & Jane,,n,y,,11,60,0,0,0,0,0,30,0,15,0,10,20,0,35,,,,,,,,,,,,,,,,,,,,
10/1/25,Williams 1A,Leah & Jane,,n,y,,12,75,0,0,0,0,0,20,0,10,5,5,20,0,35,,,,,,,,,,,,,,,,,,,,
8/7/25,GP4B,Jane,Great Pasture,y,y,,1,40,0,0,40,0,0,30,0,15,30,0,15,0,127,,,,,,,,,,,,,,,,,,,,
8/7/25,GP4B,Jane,Great Pasture,y,y,,2,75,0,0,5,30,0,20,0,0,20,0,0,0,120,,,,,,,,,,,,,,,,,,,,
8/7/25,GP4B,Jane,Great Pasture,y,y,,3,60,0,0,70,20,0,70,0,0,70,0,0,0,104,,,,,,,,,,,,,,,,,,,,
8/7/25,GP4B,Jane,Great Pasture,y,y,,4,20,0,0,25,100,0,90,15,0,90,0,0,0,126,,,,,,,,,,,,,,,,,,,,
8/7/25,GP4B,Jane,Great Pasture,y,y,,5,50,0,0,0,5,0,40,20,1,40,0,0,0,100,,,,,,,,,,,,,,,,,,,,
8/7/25,GP4B,Jane,Great Pasture,y,y,,6,95,0,0,0,5,0,75,1,40,75,0,0,0,62,,,,,,,,,,,,,,,,,,,,
8/7/25,GP4B,Jane,Great Pasture,y,y,,7,100,0,0,0,0,0,60,0,50,40,0,0,0,85,,,,,,,,,,,,,,,,,,,,
8/7/25,GP4B,Jane,Great Pasture,y,y,,8,100,0,0,0,0,0,70,0,60,10,0,25,0,120,,,,,,,,,,,,,,,,,,,,
8/7/25,GP4B,Jane,Great Pasture,y,y,,9,100,0,0,5,0,50,25,0,10,0,0,0,0,104,,,,,,,,,,,,,,,,,,,,
8/7/25,GP4B,Jane,Great Pasture,y,y,,10,100,0,0,0,0,0,15,0,15,0,0,0,0,98,,,,,,,,,,,,,,,,,,,,
8/7/25,GP4B,Jane,Great Pasture,y,y,,11,100,0,0,0,0,0,25,0,25,15,0,0,0,85,,,,,,,,,,,,,,,,,,,,
6/9/25,Lower Barberry,Jane,Lower Barberry Hill,y,y,,1,90,0,,0,,0,70,0,50,1,5,10,0,116,,,,,,,,,,,,,,,,,,,,
6/9/25,Lower Barberry,Jane,Lower Barberry Hill,y,y,,2,100,0,,0,,0,10,0,5,0,0,0,0,92,,,,,,,,,,,,,,,,,,,,
6/9/25,Lower Barberry,Jane,Lower Barberry Hill,y,y,,3,80,30,,0,,0,80,0,70,5,5,15,0,142,,,,,,,,,,,,,,,,,,,,
6/9/25,Lower Barberry,Jane,Lower Barberry Hill,y,y,,4,95,0,,0,,0,85,0,50,45,5,5,10,100,,,,,,,,,,,,,,,,,,,,
6/9/25,Lower Barberry,Jane,Lower Barberry Hill,y,y,,5,100,0,,0,,0,50,0,50,0,0,1,0,153,,,,,,,,,,,,,,,,,,,,
6/9/25,Lower Barberry,Jane,Lower Barberry Hill,y,y,,6,95,0,,0,,0,15,0,15,0,0,5,0,104,,,,,,,,,,,,,,,,,,,,
6/9/25,Lower Barberry,Jane,Lower Barberry Hill,y,y,,7,75,15,,25,,0,75,5,20,10,0,25,0,101,,,,,,,,,,,,,,,,,,,,
6/9/25,Lower Barberry,Jane,Lower Barberry Hill,y,y,,8,95,15,,30,,0,2,1,0,0,0,40,0,119,,,,,,,,,,,,,,,,,,,,
6/9/25,Lower Barberry,Jane,Lower Barberry Hill,y,y,,9,60,5,,10,,0,70,10,0,0,5,20,0,135,,,,,,,,,,,,,,,,,,,,
6/9/25,Lower Barberry,Jane,Lower Barberry Hill,y,y,,10,75,5,,60,,0,15,1,5,1,1,10,0,134,,,,,,,,,,,,,,,,,,,,
6/26/25,Lamson Middle,Jane,,n,y ,,1,50,40,60,,,0,15,15,0,0,0,30,0,146,,,,,,,,,,,,,,,,,,,,
6/26/25,Lamson Middle,Jane,,n,y,,2,50,0,75,,,0,70,60,0,0,0,30,0,112,,,,,,,,,,,,,,,,,,,,
6/26/25,Lamson Middle,Jane,,n,y ,,3,15,10,75,,,0,40,30,0,0,0,30,0,178,,,,,,,,,,,,,,,,,,,,
6/26/25,Lamson Middle,Jane,,n,y,,4,50,25,0,,,0,80,10,15,1,0,20,0,122,,,,,,,,,,,,,,,,,,,,
6/26/25,Lamson Middle,Jane,,n,y ,,5,15,15,0,,,0,90,10,30,50,5,10,0,145,,,,,,,,,,,,,,,,,,,,
6/26/25,Lamson Middle,Jane,,n,y,,6,40,0,60,,,0,80,0,10,15,5,20,0,79,,,,,,,,,,,,,,,,,,,,
6/26/25,Lamson Middle,Jane,,n,y ,,7,60,0,0,,,0,90,0,10,70,1,30,0,90,,,,,,,,,,,,,,,,,,,,
6/26/25,Lamson Middle,Jane,,n,y,,8,50,50,40,,,0,90,0,75,20,1,10,0,144,,,,,,,,,,,,,,,,,,,,
6/26/25,Lamson Middle,Jane,,n,y ,,9,90,0,1,,,0,90,0,80,60,0,5,0,94,,,,,,,,,,,,,,,,,,,,
6/26/25,Lamson Middle,Jane,,n,y,,10,90,0,1,,,0,90,0,75,70,5,5,0,110,,,,,,,,,,,,,,,,,,,,
6/26/25,Lamson Middle,Jane,,n,y ,,11,40,10,0,,,0,85,0,50,80,15,5,0,99,,,,,,,,,,,,,,,,,,,,
6/26/25,Lamson Middle,Jane,,n,y,,12,80,0,0,,,15,40,0,5,20,20,10,0,104,,,,,,,,,,,,,,,,,,,,
6/26/25,Lamson Middle,Jane,,n,y ,,13,85,15,0,,,0,50,0,0,30,15,15,0,127,,,,,,,,,,,,,,,,,,,,
6/26/25,Lamson Middle,Jane,,n,y,,14,15,0,0,,,0,95,0,1,90,20,5,0,86,,,,,,,,,,,,,,,,,,,,
6/26/25,Lamson Middle,Jane,,n,y ,,15,95,0,0,,,0,30,0,5,60,5,5,0,107,,,,,,,,,,,,,,,,,,,,
6/26/25,Lamson Middle,Jane,,n,y,,16,90,0,0,,,0,40,0,90,90,5,10,0,99,,,,,,,,,,,,,,,,,,,,
6/26/25,Lamson Middle,Jane,,n,y ,,17,80,0,0,,,0,60,0,50,50,10,10,0,106,,,,,,,,,,,,,,,,,,,,
6/26/25,Lamson Middle,Jane,,n,y ,,18,80,60,20,,,0,75,0,0,25,5,10,0,146,,,,,,,,,,,,,,,,,,,,
6/26/25,Lamson Middle,Jane,,n,y,,19,75,80,0,,,0,50,0,15,50,1,15,0,136,,,,,,,,,,,,,,,,,,,,
6/26/25,Lamson Middle,Jane,,n,y ,,20,40,0,0,,,0,80,0,20,40,10,20,0,88,,,,,,,,,,,,,,,,,,,,
6/26/25,Lamson Middle,Jane,,n,y,,21,30,0,0,,,0,75,0,1,40,20,30,0,101,,,,,,,,,,,,,,,,,,,,
8/19/25,GP5A,Jane,Great Pasture,y,y,,1,90,0,0,0,0,0,15,0,10,5,0,70,0,78,,,,,,,,,,,,,,,,,,,,
8/19/25,GP5A,Jane,Great Pasture,y,y,,2,60,0,0,0,0,5,50,0,1,5,10,40,100,100,5,,,,,,,,,,,,,,,,,,,
8/19/25,GP5A,Jane,Great Pasture,y,y,,3,95,5,0,0,30,0,30,15,0,20,0,10,0,76,,,,15,,,,,,,,,,,,,,,,
8/19/25,GP5A,Jane,Great Pasture,y,y,,4,60,0,0,0,0,0,50,0,30,5,5,25,0,50,,,,,,,,,,,,,,,,,,,,
8/19/25,GP5A,Jane,Great Pasture,y,y,,5,90,0,0,15,5,0,15,1,0,15,0,0,0,65,,,,2,,,,,,,,,,,,,,,,
8/19/25,GP5A,Jane,Great Pasture,y,y,,6,95,0,0,5,10,0,25,0,10,15,0,0,0,90,,,,,,,,,,,,,,,,,,,,
8/19/25,GP5A,Jane,Great Pasture,y,y,,7,20,0,0,0,25,0,80,0,50,30,0,30,0,40,,,,,,,,,,,,,,,,,,,,
8/19/25,GP5A,Jane,Great Pasture,y,y,,8,90,0,0,10,15,0,15,0,0,15,0,0,0,105,,,,,,,,,,,,,,,,,,,,
8/19/25,GP5A,Jane,Great Pasture,y,y,,9,60,0,0,40,40,0,0,0,0,0,0,0,0,120,,,,,,,,,,,,,,,,,,,,
8/19/25,GP5A,Jane,Great Pasture,y,y,,10,50,0,0,5,0,0,95,0,0,90,0,0,0,72,,,,,,,,,,,,,,,,,,,,
8/19/25,GP5A,Jane,Great Pasture,y,y,,11,80,70,0,15,0,0,0,0,0,0,0,25,0,150,,,,,,,,,,,,,,,,,,,,
8/19/25,GP5A,Jane,Great Pasture,y,y,,12,85,0,0,50,10,0,30,5,10,15,0,0,0,110,,,,5,,,,,,,,,,,,,,,,
8/19/25,GP5A,Jane,Great Pasture,y,y,,13,30,0,0,80,0,75,50,0,0,50,0,10,0,125,75,,,,,,,,,,,,,,,,,,,
8/19/25,GP5A,Jane,Great Pasture,y,y,,14,20,0,0,0,50,0,15,0,15,15,0,0,0,80,,,,,,,,,,,,,,,,,,,,
8/19/25,GP5A,Jane,Great Pasture,y,y,,15,40,0,0,0,80,0,30,0,30,30,0,0,0,40,,,,,,,,,,,,,,,,,,,,
8/19/25,GP5A,Jane,Great Pasture,y,y,,16,60,0,0,80,0,0,15,0,0,15,0,0,0,60,,,,,,,,,,,,,,,,,,,,
8/19/25,GP5A,Jane,Great Pasture,y,y,,17,25,0,0,0,5,0,1,0,0,0,50,30,0,33,,,,,,,,,,,,,,,,,,,,
8/19/25,GP5A,Jane,Great Pasture,y,y,,18,70,0,0,30,10,0,2,0,2,0,0,0,0,100,,,,,,,,,,,,,,,,,,,,
8/19/25,GP5A,Jane,Great Pasture,y,y,,19,100,0,0,0,2,0,20,0,0,0,0,0,10,40,,,,,,,,,,,,,,,,,,,,
8/19/25,GP5A,Jane,Great Pasture,y,y,,20,80,0,0,0,20,0,30,30,0,30,0,5,0,115,,,,30,,,,,,,,,,,,,,,,
6/23/25,Horse,Jane,Horse Field Upper,y,y,,1,100,0,0,,,0,5,0,2,0,0,1,0,91,,,,,,,,,,,,,,,,,,,,
6/23/25,Horse,Jane,Horse Field Upper,y,y,,2,80,0,0,,,0,20,0,10,5,15,15,0,103,,,,,,,,,,,,,,,,,,,,
6/23/25,Horse,Jane,Horse Field Upper,y,y,,3,85,0,0,,,0,30,0,20,15,10,5,0,98,,,,,,,,,,,,,,,,,,,,
6/23/25,Horse,Jane,Horse Field Upper,y,y,,4,90,0,0,,,0,60,0,30,50,5,5,0,98,,,,,,,,,,,,,,,,,,,,
6/23/25,Horse,Jane,Horse Field Upper,y,y,,5,50,0,0,,,0,100,0,85,80,0,0,0,82,,,,,,,,,,,,,,,,,,,,
6/23/25,Horse,Jane,Horse Field Upper,y,y,,6,80,10,90,,,0,15,10,5,0,0,25,0,82,,,,,,,,,,,,,,,,,,,,
6/23/25,Horse,Jane,Horse Field Upper,y,y,,7,90,50,5,,,0,0,0,0,0,0,15,0,142,,,,,,,,,,,,,,,,,,,,
6/23/25,Horse,Jane,Horse Field Upper,y,y,,8,95,1,0,,,0,90,0,75,5,0,0,0,63,,,,,,,,,,,,,,,,,,,,
6/23/25,Horse,Jane,Horse Field Upper,y,y,,9,70,0,5,,,0,40,0,30,2,0,10,0,63,,,,,,,,,,,,,,,,,,,,
6/23/25,Horse,Jane,Horse Field Upper,y,y,,10,90,0,60,,,0,20,0,15,1,2,10,50,81,,,,,,,,,,,,,,,,,,,,
6/23/25,Horse,Jane,Horse Field Upper,y,y,,11,60,0,1,,,0,15,0,5,1,0,40,10,65,,,,,,,,,,,,,,,,,,,,
6/23/25,Horse,Jane,Horse Field Upper,y,y,,12,60,0,0,,,0,30,0,10,10,0,40,0,56,,,,,,,,,,,,,,,,10,,,,
6/23/25,Horse,Jane,Horse Field Upper,y,y,,13,60,0,0,,,0,30,0,0,30,0,40,0,75,,,,,,,,,,,,,,,,30,,,,
6/23/25,Horse,Jane,Horse Field Upper,y,y,,14,80,0,0,,,0,40,0,5,2,1,15,0,59,,,,,,,,,,,,,,,,,,,,
6/23/25,Horse,Jane,Horse Field Upper,y,y,,15,25,0,0,,,0,10,5,0,0,0,50,0,55,,,,,,,,,,,,,,,,,,,,
6/23/25,Horse,Jane,Horse Field Upper,y,y,,16,60,40,75,,,0,0,0,0,0,0,15,0,79,,,,,,,,,,,,,,,,,,,,
6/23/25,Horse,Jane,Horse Field Upper,y,y,,17,30,20,0,,,0,25,0,5,0,0,10,0,70,,,,,,,,,,,,,,,,,,,,
6/23/25,Horse,Jane,Horse Field Upper,y,y,,18,70,0,60,,,0,10,0,5,2,0,30,0,90,,,,,,,,,,,,,,,,,,,,
6/23/25,Horse,Jane,Horse Field Upper,y,y,,19,90,0,0,,,0,40,0,0,40,0,15,0,83,,,,,,,,,,,,,,,,,,,,
6/23/25,Horse,Jane,Horse Field Upper,y,y,,20,65,0,0,,,0,0,0,0,0,0,50,0,128,,,,,,,,,,,,,,,,,,,,
8/6/25,GP4C,Leah & Jane,Great Pasture,y,y,,1,70,,,,,0,15,,10,15,5,10,0,70,,,,,,,,,,,,,,,,,,,,
8/6/25,GP4C,Leah & Jane,Great Pasture,y,y,,2,95,,,,,0,2,,2,2,0,5,0,104,,,,,,,,,,,,,,,,,,,,
8/6/25,GP4C,Leah & Jane,Great Pasture,y,y,,3,55,,,,,35,5,,2,5,10,20,0,96,,,,,,,,,,,,,,,,,,,,
8/6/25,GP4C,Leah & Jane,Great Pasture,y,y,,4,70,,,,,10,20,,20,20,5,10,0,79,,,,,,,,,,,,,,,,,,,,
8/6/25,GP4C,Leah & Jane,Great Pasture,y,y,,5,40,,,,,0,30,,30,30,5,30,0,69,,,,,,,,,,,,,,,,,,,,
8/6/25,GP4C,Leah & Jane,Great Pasture,y,y,,6,30,,,,,0,20,,10,20,10,50,0,72,,,,,,,,,,,,,,,,,,,,
8/6/25,GP4C,Leah & Jane,Great Pasture,y,y,,7,25,,,,,30,35,,30,35,10,20,0,69,,,,,,,,,,,,,,,,,,,,
8/6/25,GP4C,Leah & Jane,Great Pasture,y,y,,8,60,,,,,0,15,,10,5,5,30,0,67,,,,,,,,,,,,,,,,,,,,
8/6/25,GP4C,Leah & Jane,Great Pasture,y,y,,9,35,,,,,0,60,,45,60,10,10,0,79,,,,,,,,,,,,,,,,,,,,
8/6/25,GP4C,Leah & Jane,Great Pasture,y,y,,10,40,,,,,0,50,,15,50,5,5,0,90,60,,,,,,,,,,,,,,,,,,,
8/6/25,GP4C,Leah & Jane,Great Pasture,y,y,,11,70,,,,,0,10,,5,10,10,15,0,71,20,,,,,,,,,,,,,,,,,,,
8/6/25,GP4C,Leah & Jane,Great Pasture,y,y,,12,45,,,,,0,5,,5,5,10,30,0,59,25,,,,,,,,,,,,,,,,,,,
8/6/25,GP4C,Leah & Jane,Great Pasture,y,y,,13,85,,,,,0,20,,10,20,5,10,0,94,10,,,,,,,,,,,,,,,,,,,
8/6/25,GP4C,Leah & Jane,Great Pasture,y,y,,14,50,,,,,60,15,,5,15,30,10,0,90,35,,,,,,,,,,,,,,,,,,,
8/6/25,GP4C,Leah & Jane,Great Pasture,y,y,,15,35,,,,,20,60,,40,60,0,5,0,63,,,,,,,,,,,,,,,,,,,,
8/6/25,GP4C,Leah & Jane,Great Pasture,y,y,,16,45,,,,,65,5,,0,5,0,15,0,92,,,,,,,,,,,,,,,,,,,,
8/6/25,GP4C,Leah & Jane,Great Pasture,y,y,,17,30,,,,,10,40,,35,40,0,10,0,63,,,,,,,,,,,,,,,,,,,,
8/6/25,GP4C,Leah & Jane,Great Pasture,y,y,,18,40,,,,,0,50,,50,50,5,20,0,89,,,,,,,,,,,,,,,,,,,,
8/6/25,GP4C,Leah & Jane,Great Pasture,y,y,,19,65,,,,,45,25,,25,25,0,5,0,107,,,,,,,,,,,,,,,,,,,,
8/6/25,GP4C,Leah & Jane,Great Pasture,y,y,,20,30,,,,,30,22,,10,20,10,20,0,70,,,,,,,,,,,,,,,,,,,,
10/6/25,POW West,Saskia & Jane,,n,n,,1,90,,,,,0,60,0,3,0,5,30,100,26,,,,,,,,,,,,,,,,,,,,
10/6/25,POW West,Saskia & Jane,,n,n,,2,70,,,,,0,50,0,5,5,10,7,0,68,,,,,,,,,,,,,,,,,,,,
10/6/25,POW West,Saskia & Jane,,n,n,,3,40,,,,,0,90,0,3,1,0,5,0,60,,,,,,,,,,,,,,,,,,,,
10/6/25,POW West,Saskia & Jane,,n,n,,4,80,,,,,0,60,0,1,5,1,1,0,54,,,,,,,,,,,,,,,,,,,,
10/6/25,POW West,Saskia & Jane,,n,n,,5,70,,,,,0,60,0,10,0,3,10,0,60,,,,,,,,,,,,,,,,,,,,
10/6/25,POW West,Saskia & Jane,,n,n,,6,40,,,,,0,80,0,3,1,0,7,0,42,,,,,,,,,,,,,,,,,,,,
10/6/25,POW West,Saskia & Jane,,n,n,,7,80,,,,,0,30,0,3,1,0,3,0,87,,,,,,,,,,,,,,,,,,,,
10/6/25,POW West,Saskia & Jane,,n,n,,8,50,,,,,0,75,0,1,1,0,50,0,53,,,,,,,,,,,,,,,,,,,,
10/6/25,POW West,Saskia & Jane,,n,n,,9,95,,,,,0,10,0,3,0,5,10,60,38,,,,,,,,,,,,,,,,,,,,
10/6/25,POW West,Saskia & Jane,,n,n,,10,100,,,,,0,3,0,0,0,5,15,5,70,,,,,,,,,,,,,,,,,,,,
7/23/25,GP5C,Jane,Great Pasture,y,y,,1,60,0,0,40,0,0,25,0,0,0,0,0,0,91,,,,,,,,,,,,,,,,,,,,
7/23/25,GP5C,Jane,Great Pasture,y,y,,2,95,90,0,1,30,0,1,0,0,0,0,0,0,160,,,,,,,,,,,,,,,,,,,,
7/23/25,GP5C,Jane,Great Pasture,y,y,,3,100,0,0,40,0,0,0,0,0,0,0,0,0,90,,,,,,,,,,,,,,,,,,,,
7/23/25,GP5C,Jane,Great Pasture,y,y,,4,50,50,0,0,0,0,1,1,0,1,30,30,0,150,,,,,,,,,,,,,,,,,,,,
7/23/25,GP5C,Jane,Great Pasture,y,y,,5,50,50,0,0,0,0,15,0,0,15,10,40,0,140,,,,,,,,,,,,,,,,,,,,
7/23/25,GP5C,Jane,Great Pasture,y,y,,6,60,5,0,10,10,0,90,5,0,50,0,0,0,111,,,,,,,,,,,,,,,,,,,,
7/23/25,GP5C,Jane,Great Pasture,y,y,,7,40,0,0,60,0,0,90,15,0,50,0,5,0,114,,,,,,,,,,,,,,,,,,,,
7/23/25,GP5C,Jane,Great Pasture,y,y,,8,70,0,0,0,15,40,60,0,0,50,2,10,0,113,40,,,,,,,,,,,,,,,,,,,
7/23/25,GP5C,Jane,Great Pasture,y,y,,9,30,0,0,30,5,0,80,0,2,2,0,30,0,92,,,,,,,,,,,,,,,,,,,,
7/23/25,GP5C,Jane,Great Pasture,y,y,,10,80,0,0,80,10,0,30,0,1,25,0,5,0,105,,,,,,,,,,,,,,,,,,,,
7/23/25,GP5C,Jane,Great Pasture,y,y,,11,5,0,0,95,0,0,20,5,0,0,0,0,0,100,,,,,,,,,,,,,,,,,,,,
7/23/25,GP5C,Jane,Great Pasture,y,y,,12,20,0,0,70,0,0,50,5,0,25,0,2,0,105,,,,,,,,,,,,,,,,,,,,
7/23/25,GP5C,Jane,Great Pasture,y,y,,13,50,0,0,50,0,15,40,0,0,20,0,5,0,125,15,,,,,,,,,,,,,,,,,,,
7/23/25,GP5C,Jane,Great Pasture,y,y,,14,50,20,0,20,0,0,30,0,0,0,0,15,0,130,,,,,,,,,,,,,,,,,,,,
7/23/25,GP5C,Jane,Great Pasture,y,y,,15,50,0,0,0,0,25,60,0,0,25,0,0,0,131,,,,,,,,,,,,,,,,,,,,
7/23/25,GP5C,Jane,Great Pasture,y,y,,16,70,0,0,80,0,0,50,0,0,1,0,0,0,80,,,,,,,,,,,,,,,,,,,,
7/23/25,GP5C,Jane,Great Pasture,y,y,,17,70,0,0,0,0,0,85,0,10,10,0,15,0,90,,,,,,,,,,,,,,,,,,,,
7/23/25,GP5C,Jane,Great Pasture,y,y,,18,70,0,0,20,0,0,70,0,2,20,0,10,0,97,,,,,,,,,,,,,,,,,,,,
7/23/25,GP5C,Jane,Great Pasture,y,y,,19,95,0,0,0,20,0,20,1,0,15,0,0,0,110,,,,,,,,,,,,,,,,,,,,
7/23/25,GP5C,Jane,Great Pasture,y,y,,20,90,70,0,0,0,0,10,0,0,0,0,30,0,150,,,,,,,,,,,,,,,,,,,,
6/4/25,GP6A,Jane,Great Pasture,y,y,,1,90,0,,1,,0,70,0,70,5,5,5,70,80,,,,,,,,,,,,,,,,,,,,
6/4/25,GP6A,Jane,Great Pasture,y,y,,2,70,0,,0,,0,60,0,5,15,5,10,0,120,,,,,,,,,,,,,,,,,,,,
6/4/25,GP6A,Jane,Great Pasture,y,y,,3,95,0,,0,,0,20,0,15,5,0,10,0,120,,,,,,,,,,,,,,,,,,,,
6/4/25,GP6A,Jane,Great Pasture,y,y,,4,75,0,,1,,0,25,0,15,1,0,20,0,110,,,,,,,,,,,,,,,,,,,,
6/4/25,GP6A,Jane,Great Pasture,y,y,,5,40,50,,0,,0,100,0,0,0,0,10,0,100,,,,,,,,,,,,,,,,,,,,
6/4/25,GP6A,Jane,Great Pasture,y,y,,6,80,0,,0,,0,30,0,0,0,5,20,0,100,,,,,,,,,,,,,,,,,,,,
6/4/25,GP6A,Jane,Great Pasture,y,y,,7,90,0,,0,,0,60,0,40,15,5,5,0,70,,,,,,,,,,,,,,,,,,,,
6/4/25,GP6A,Jane,Great Pasture,y,y,,8,80,0,,0,,0,40,0,5,5,0,15,0,70,,,,,,,,,,,,,,,,,,,,
6/4/25,GP6A,Jane,Great Pasture,y,y,,9,80,0,,0,,0,50,0,50,10,0,10,0,80,,,,,,,,,,,,,,,,,,,,
6/4/25,GP6A,Jane,Great Pasture,y,y,,10,100,0,,0,,0,60,0,45,20,0,5,0,90,,,,,,,,,,,,,,,,,,,,
6/4/25,GP6A,Jane,Great Pasture,y,y,,11,50,0,,0,,0,40,0,0,5,15,10,0,110,,,,,,,,,,,,,,,,,,,,
6/4/25,GP6A,Jane,Great Pasture,y,y,,12,60,0,,0,,0,90,0,75,25,1,5,0,70,,,,,,,,,,,,,,,,,,,,
6/4/25,GP6A,Jane,Great Pasture,y,y,,13,80,0,,0,,0,50,0,30,10,1,20,0,90,,,,,,,,,,,,,,,,,,,,
6/4/25,GP6A,Jane,Great Pasture,y,y,,14,100,25,,0,,0,25,0,5,1,0,5,0,80,,,,,,,,,,,,,,,,,,,,
6/4/25,GP6A,Jane,Great Pasture,y,y,,15,75,0,,0,,0,50,0,40,5,0,20,0,100,,,,,,,,,,,,,,,,,,,,
6/4/25,GP6A,Jane,Great Pasture,y,y,,16,90,0,,0,,0,15,0,10,1,0,10,0,70,,,,,,,,,,,,,,,,,,,,
6/4/25,GP6A,Jane,Great Pasture,y,y,,17,90,0,,0,,0,0,0,0,0,0,10,50,10,,,,,,,,,,,,,,,,,,,,
6/4/25,GP6A,Jane,Great Pasture,y,y,,18,75,0,,0,,0,20,0,5,1,0,50,0,87,,,,,,,,,,,,,,,,,,,,
6/4/25,GP6A,Jane,Great Pasture,y,y,,19,90,0,,0,,10,40,0,35,5,0,15,0,90,,,,,,,,,,,,,,,,,,,,
6/4/25,GP6A,Jane,Great Pasture,y,y,,20,50,0,,5,,0,50,0,5,5,15,10,0,50,,,,,,,,,,,,,,,,,,,,
7/22/25,GP5D,Jane,Great Pasture,y,y,,1,95,0,,,,5,30,0,15,15,0,0,0,85,1,,,,,,,,,,,,,,,,,,,
7/22/25,GP5D,Jane,Great Pasture,y,y,,2,30,0,,,,2,75,0,60,60,0,15,0,65,,,,,,,5,,,,,,,,,,,,,
7/22/25,GP5D,Jane,Great Pasture,y,y,,3,90,0,,,,0,40,0,30,30,50,10,0,80,,,,,,,,,,,,,,,,,,,,
7/22/25,GP5D,Jane,Great Pasture,y,y,,4,50,0,,,,0,70,0,50,65,10,20,5,93,,,,,,,,,,,,,,,,,,,,
7/22/25,GP5D,Jane,Great Pasture,y,y,,5,85,0,,,,5,90,0,80,50,0,10,0,103,,,,,,,,,,,,,,,,,,,,
7/22/25,GP5D,Jane,Great Pasture,y,y,,6,60,0,,,,0,90,0,50,70,30,10,0,69,,,,,,,,,,,,,,,,,,,,
7/22/25,GP5D,Jane,Great Pasture,y,y,,7,70,0,,,,0,90,0,50,70,5,1,0,66,,,,,,,,,,,,,,,,,,,,
7/22/25,GP5D,Jane,Great Pasture,y,y,,8,75,0,,,,1,90,0,40,50,0,5,0,86,,,,,,,60,,,,,,,,,,,,,
7/22/25,GP5D,Jane,Great Pasture,y,y,,9,75,0,,,,0,30,0,30,30,0,25,0,82,,,,,,,,,,,,,,,,,,,,
7/22/25,GP5D,Jane,Great Pasture,y,y,,10,70,0,,,,50,10,0,2,5,0,25,0,90,,,,,,,10,,,,,,,,,,,,,
7/22/25,GP5D,Jane,Great Pasture,y,y,,11,30,0,,,,20,70,0,10,30,0,25,0,95,10,,,,,,40,,,,,,,,,,,,,
7/22/25,GP5D,Jane,Great Pasture,y,y,,12,70,0,,,,0,85,0,50,60,2,15,0,64,,,,,,,25,,,,,,,,,,,,,
7/22/25,GP5D,Jane,Great Pasture,y,y,,13,70,0,,,,20,80,0,80,75,2,2,0,80,,,,,,,1,,,,,,,,,,,,,
7/22/25,GP5D,Jane,Great Pasture,y,y,,14,90,0,,,,5,70,0,50,60,0,10,0,80,5,,,,,,,,,,,,,,,,,,,
7/22/25,GP5D,Jane,Great Pasture,y,y,,15,90,0,,,,50,60,0,5,5,0,5,0,92,50,,,,,,,,,,,,,,,,,,,
7/22/25,GP5D,Jane,Great Pasture,y,y,,16,80,0,,,,0,95,0,90,90,0,5,0,95,,,,,,,,,,,,,,,,,,,,
7/22/25,GP5D,Jane,Great Pasture,y,y,,17,30,0,,,,0,40,0,15,20,40,0,0,38,,,,,,,2,,,,,,,,,,,,,
7/22/25,GP5D,Jane,Great Pasture,y,y,,18,60,0,,,,0,90,0,50,60,0,10,0,85,,,,,,,2,,,,,,,,,,,,,
7/22/25,GP5D,Jane,Great Pasture,y,y,,19,80,0,,,,0,25,0,20,25,0,10,0,64,,,,,,,5,,,,,,,,,,,,,
7/22/25,GP5D,Jane,Great Pasture,y,y,,20,60,0,,,,60,25,0,20,10,0,15,0,83,,,,,,,10,,,,,,,,,,,,,
9/3/25,GP7A,Leah & Jane,Great Pasture,y,y,,1,50,0,0,,,0,5,2,0,0,0,90,85,40,,,,,,,,,,,,,,,,,2,,,
9/3/25,GP7A,Leah & Jane,Great Pasture,y,y,,2,10,0,0,,,80,10,2,0,2,0,100,95,89,,,,,,,,,,2,,,,,,,2,,,
9/3/25,GP7A,Leah & Jane,Great Pasture,y,y,,3,0,0,0,,,0,10,0,0,10,0,100,100,30,,,,,,,,,,,,,,,,,,,,
9/3/25,GP7A,Leah & Jane,Great Pasture,y,y,,4,2,0,0,,,20,35,5,0,20,0,65,70,82,,,,,,,,,,30,,,,,,,5,,,
9/3/25,GP7A,Leah & Jane,Great Pasture,y,y,,5,5,0,0,,,0,65,60,0,0,5,90,95,44,,,,,,,,,,,,,,,,,60,,,
9/3/25,GP7A,Leah & Jane,Great Pasture,y,y,,6,5,0,0,,,0,75,55,10,2,10,80,95,38,,,,,,,,,,,,,,,,,55,,,
9/3/25,GP7A,Leah & Jane,Great Pasture,y,y,,7,2,0,0,,,10,80,40,40,0,0,90,90,115,10,,,,,,,,,,,,,,,,40,,,
9/3/25,GP7A,Leah & Jane,Great Pasture,y,y,,8,15,0,0,,,30,30,10,0,20,0,100,80,150,,,,,,,,,,20,,,,,,,10,,,
9/3/25,GP7A,Leah & Jane,Great Pasture,y,y,,9,75,0,0,,,80,20,0,5,5,0,50,80,130,80,,,,,,,,,,,,,,,,2,,,
9/3/25,GP7A,Leah & Jane,Great Pasture,y,y,,10,10,0,0,,,5,85,60,0,25,0,80,20,96,,,,,,,,,,20,,,,,,,60,,,
9/10/25,GP8A,Leah & Jane,Great Pasture West,y,y,,1,60,0,,,,0,40,0,25,2,5,20,0,50,,,,,,,,,,,,,,,,,,,,
9/10/25,GP8A,Leah & Jane,Great Pasture West,y,y,,2,40,0,,,,30,15,0,15,2,20,40,85,92,30,,,,,,,,,,,,,,,,,,,
9/10/25,GP8A,Leah & Jane,Great Pasture West,y,y,,3,30,0,,,,15,15,0,10,0,10,90,85,76,15,,,,,,,,,,,,,,,,,,,
9/10/25,GP8A,Leah & Jane,Great Pasture West,y,y,,4,60,0,,,,20,40,0,30,5,10,90,0,66,0,,,,,,,,,,,,,,,,,,,
9/10/25,GP8A,Leah & Jane,Great Pasture West,y,y,,5,20,0,,,,0,70,0,55,5,0,40,60,56,0,,,,,,,,,,,,,,,,,,,
9/10/25,GP8A,Leah & Jane,Great Pasture West,y,y,,6,15,0,,,,15,40,5,30,5,0,80,10,125,15,,,,,,,,,,,,,,,,5,,,
9/10/25,GP8A,Leah & Jane,Great Pasture West,y,y,,7,50,0,,,,0,30,0,20,0,20,60,30,88,0,,,,,,,,,,,,,,,,,,,
9/10/25,GP8A,Leah & Jane,Great Pasture West,y,y,,8,75,0,,,,20,20,0,20,2,0,40,25,106,20,,,,,,,,,,,,,,,,,,,
9/10/25,GP8A,Leah & Jane,Great Pasture West,y,y,,9,50,0,,,,30,50,20,15,0,5,40,90,98,30,,,,,,,,,,,,,,,,20,,,
9/10/25,GP8A,Leah & Jane,Great Pasture West,y,y,,10,80,0,,,,0,20,0,2,2,5,20,40,68,0,,,,,,,,,,,,,,,,,,,
9/10/25,GP8A,Leah & Jane,Great Pasture West,y,y,,11,30,0,,,,0,60,0,60,20,5,30,65,58,0,,,,,,,,,,,,,,,,,,,
9/10/25,GP8A,Leah & Jane,Great Pasture West,y,y,,12,80,0,,,,0,10,0,10,0,0,30,0,90,0,,,,,,,,,,,,,,,,,,,
9/10/25,GP8A,Leah & Jane,Great Pasture West,y,y,,13,85,0,,,,0,15,0,10,5,0,10,0,125,0,,,,,,,,,,,,,,,,,,,
9/10/25,GP8A,Leah & Jane,Great Pasture West,y,y,,14,85,0,,,,40,15,0,5,5,0,20,0,120,40,,,,,,,,,,,,,,,,,,,
9/10/25,GP8A,Leah & Jane,Great Pasture West,y,y,,15,15,0,,,,0,85,0,70,30,0,10,0,40,0,,,,,,,,,,,,,,,,,,,
9/10/25,GP8A,Leah & Jane,Great Pasture West,y,y,,16,25,0,,,,0,75,0,60,15,0,10,0,51,0,,,,,,,,,,,,,,,,,,,
9/2/25,GP7,Jane,Great Pasture,y,y,,1,95,0,,,,0,25,0,10,1,5,5,0,30,,,,,,,,,,,,,,,,,,,,
9/2/25,GP7,Jane,Great Pasture,y,y,,2,95,0,,,,0,75,0,0,70,0,5,0,40,,,,,,,,,,,,,,,,,,,,
9/2/25,GP7,Jane,Great Pasture,y,y,,3,85,0,,,,1,80,0,30,10,2,5,100,31,,,,,,,,,,,,,,,,,,,,
9/2/25,GP7,Jane,Great Pasture,y,y,,4,60,0,,,,0,80,0,5,50,15,5,100,82,,,,,,,,,,,,,,,,,,,,
9/2/25,GP7,Jane,Great Pasture,y,y,,5,95,0,,,,0,75,0,60,40,0,10,20,40,,,,,,,,,,,,,,,,,,,,
9/2/25,GP7,Jane,Great Pasture,y,y,,6,90,0,,,,0,40,0,10,30,0,1,0,50,,,,,,,,,,,,,,,,,,,,
9/2/25,GP7,Jane,Great Pasture,y,y,,7,0,0,,,,0,100,0,50,60,0,5,0,50,,,,,,,,,,,,,,,,,,,,
9/2/25,GP7,Jane,Great Pasture,y,y,,8,95,0,,,,0,10,0,0,10,0,0,10,46,,,,,,,,,,,,,,,,,,,,
9/2/25,GP7,Jane,Great Pasture,y,y,,9,50,0,,,,30,90,0,50,80,0,0,0,74,,,,,,,,,,,,,,,,,,,,
9/2/25,GP7,Jane,Great Pasture,y,y,,10,15,0,,,,0,90,0,40,50,2,0,0,70,,,,,,,,,,,,,,,,,,,,
9/2/25,GP7,Jane,Great Pasture,y,y,,11,80,0,,,,0,75,0,50,20,0,20,0,75,,,,,,,,,,,,,,,,,,,,
9/2/25,GP7,Jane,Great Pasture,y,y,,12,95,0,,,,0,75,0,65,50,0,5,0,60,,,,,,,,,,,,,,,,,,,,
9/2/25,GP7,Jane,Great Pasture,y,y,,13,50,0,,,,0,90,0,20,70,0,0,0,30,50,,,,,,,,,,,,,,,,,,,
9/2/25,GP7,Jane,Great Pasture,y,y,,14,95,0,,,,0,30,0,30,0,0,0,0,110,,,,,,,,,,,,,,,,,,,,
9/2/25,GP7,Jane,Great Pasture,y,y,,15,90,0,,10,50,0,30,0,0,0,0,5,0,124,30,,,,,,,,,,,,,,,,,,,
9/2/25,GP7,Jane,Great Pasture,y,y,,16,50,0,,50,5,0,30,75,2,15,0,0,0,100,,,,,,,,,,,,,,,,,,,,
9/2/25,GP7,Jane,Great Pasture,y,y,,17,60,0,,,50,0,20,0,2,10,0,0,0,80,,,,,,,,,,,,,,,,,,,,
9/2/25,GP7,Jane,Great Pasture,y,y,,18,30,0,,,,0,50,0,15,15,0,0,0,50,,,,,,,,,,,,,,,,,,,,
9/2/25,GP7,Jane,Great Pasture,y,y,,19,100,0,,,,0,0,0,0,0,0,0,0,99,,,,,,,,,,,,,,,,,,,,
9/2/25,GP7,Jane,Great Pasture,y,y,,20,95,0,,,,0,20,0,5,10,0,0,0,115,,,,,,,,,,,,,,,,,,,,
6/2/25,Lamson Hill,Jane,Lamson Field South,y,y,,1,50,0,,,,0,0,0,0,0,20,30,0,90,,,,,,,85,,,,,,,,,,,,,
6/2/25,Lamson Hill,Jane,Lamson Field South,y,y,,2,30,0,,,,0,80,0,0,0,20,20,0,72,,,,,,,75,,,,,,,,,,,,,
6/2/25,Lamson Hill,Jane,Lamson Field South,y,y,,3,60,0,,,,0,20,0,0,15,25,40,0,87,,,,,,,10,,,,,,,,,,,,,
6/2/25,Lamson Hill,Jane,Lamson Field South,y,y,,4,75,0,,,,0,20,0,0,10,25,20,0,97,,,,,,,15,,,,,,,,,,,,,
6/2/25,Lamson Hill,Jane,Lamson Field South,y,y,,5,70,0,,,,0,25,0,10,15,5,50,0,85,,,,,,,15,,,,,,,,,,,,,
6/2/25,Lamson Hill,Jane,Lamson Field South,y,y,,6,50,0,,,,0,20,0,5,20,10,50,0,75,,,,,,,15,,,,,,,,,,,,,
6/2/25,Lamson Hill,Jane,Lamson Field South,y,y,,7,60,0,,,,0,40,0,25,10,10,10,0,110,,,,,,,10,,,,,,,,,,,,,
6/2/25,Lamson Hill,Jane,Lamson Field South,y,y,,8,70,0,,,,0,50,0,5,30,25,25,0,85,,,,,,,30,,,,,,,,,,,,,
6/2/25,Lamson Hill,Jane,Lamson Field South,y,y,,9,60,0,,,,1,50,0,10,40,25,25,0,90,,,,,,,40,,,,,,,,,,,,,
6/2/25,Lamson Hill,Jane,Lamson Field South,y,y,,10,75,0,,,,0,5,0,0,5,15,10,0,90,,,,,,,0,,,,,,,,,,,,,
6/2/25,Lamson Hill,Jane,Lamson Field South,y,y,,11,25,0,,,,0,75,0,0,75,30,5,0,97,,,,,,,75,,,,,,,,,,,,,
6/2/25,Lamson Hill,Jane,Lamson Field South,y,y,,12,25,0,,,,0,55,0,0,50,25,25,0,68,,,,,,,50,,,,,,,,,,,,,
6/2/25,Lamson Hill,Jane,Lamson Field South,y,y,,13,50,0,,,,0,75,0,1,75,25,25,0,75,,,,,,,60,,,,,,,,,,,,,
6/2/25,Lamson Hill,Jane,Lamson Field South,y,y,,14,30,0,,,,0,75,0,25,20,15,15,0,70,,,,,,,20,,,,,,,,,,,,,
6/2/25,Lamson Hill,Jane,Lamson Field South,y,y,,15,30,0,,,,0,75,0,10,40,15,15,0,85,,,,,,,40,,,,,,,,,,,,,
6/2/25,Lamson Hill,Jane,Lamson Field South,y,y,,16,75,0,,,,0,0,0,0,50,10,10,0,60,,,,,,,50,,,,,,,,,,,,,
6/2/25,Lamson Hill,Jane,Lamson Field South,y,y,,17,80,0,,,,0,25,0,0,20,5,5,0,71,,,,,,,20,,,,,,,,,,,,,
6/2/25,Lamson Hill,Jane,Lamson Field South,y,y,,18,25,0,,,,0,0,0,0,75,30,20,0,70,,,,,,,75,,,,,,,,,,,,,
6/2/25,Lamson Hill,Jane,Lamson Field South,y,y,,19,60,20,,,,0,50,0,5,50,10,10,0,100,,,,,,,30,,,,,,,,,,,,,
6/2/25,Lamson Hill,Jane,Lamson Field South,y,y,,20,95,0,,,,0,60,0,0,40,5,1,0,60,,,,,,,1,,,,,,,,,,,,,
9/10/25,GP6C,Leah & Jane,Great Pasture,y,y,,1,75,0,,,,0,50,0,40,10,0,5,100,40,,,,,,,,,,,,,,,,,,,,
9/10/25,GP6C,Leah & Jane,Great Pasture,y,y,,2,50,0,,,,0,80,0,5,5,0,25,0,30,,,,,,,75,,,,,,,,,,,,,
9/10/25,GP6C,Leah & Jane,Great Pasture,y,y,,3,30,0,,,,0,70,0,60,10,2,10,0,66,,,,,,,,,,,,,,,,,,,,
9/10/25,GP6C,Leah & Jane,Great Pasture,y,y,,4,80,0,,,,0,20,0,10,2,0,0,0,47,,,,,,,,,,,,,,,,,,15,,
9/10/25,GP6C,Leah & Jane,Great Pasture,y,y,,5,70,0,,10,,40,20,0,20,0,0,10,0,102,40,,,,,,,,,,,,,,,,,,,
9/10/25,GP6C,Leah & Jane,Great Pasture,y,y,,6,70,1,,,,0,30,0,25,3,0,20,0,48,,,,,,,,,,,,,,,,,,,,
9/10/25,GP6C,Leah & Jane,Great Pasture,y,y,,7,70,0,,,,20,30,0,15,0,5,10,0,58,,,,,,,,,,,,,,,,,,,,
9/10/25,GP6C,Leah & Jane,Great Pasture,y,y,,8,40,0,,,,0,40,0,25,5,5,50,0,70,20,,,,,,,,,,,,,,,,,15,,
9/10/25,GP6C,Leah & Jane,Great Pasture,y,y,,9,30,0,,,,0,75,0,70,5,0,30,0,68,,,,,,,,,,,,,,,,,,,,
9/10/25,GP6C,Leah & Jane,Great Pasture,y,y,,10,90,0,,,,0,10,0,10,0,10,20,0,73,,,,,,,,,,,,,,,,,,,,
9/10/25,GP6C,Leah & Jane,Great Pasture,y,y,,11,60,0,,,,40,30,0,20,2,2,10,0,65,,,,,,,,,,,,,,,,,,,,
9/10/25,GP6C,Leah & Jane,Great Pasture,y,y,,12,80,60,,,,0,10,0,5,5,0,0,0,108,40,,,,,,,,,,,,,,,,,,,
9/10/25,GP6C,Leah & Jane,Great Pasture,y,y,,13,85,0,,5,,0,25,0,10,10,0,0,0,94,,,,,,,,,,,,,,,,,,,,
9/10/25,GP6C,Leah & Jane,Great Pasture,y,y,,14,80,10,,,,0,5,0,0,0,10,40,0,63,,,,,,,,,,,,,,,,,,20,,
9/10/25,GP6C,Leah & Jane,Great Pasture,y,y,,15,65,0,,,,0,35,0,25,10,10,20,0,61,,,,,,,,,,,,,,,,,,,,
9/10/25,GP6C,Leah & Jane,Great Pasture,y,y,,16,60,5,,,,0,40,0,30,8,10,30,0,45,,,,,,,,,,,,,,,,,,,,
9/10/25,GP6C,Leah & Jane,Great Pasture,y,y,,17,60,0,,,,10,40,0,20,5,0,50,0,48,,,,,,,,,,,,,,,,,,,,
9/10/25,GP6C,Leah & Jane,Great Pasture,y,y,,18,40,5,,,,5,10,2,5,0,0,75,100,90,10,,,,,,,,,,,,,,,,,,,
9/10/25,GP6C,Leah & Jane,Great Pasture,y,y,,19,80,0,,20,,0,40,0,5,25,0,10,0,98,5,,,,,,,,,,,,,,,,,20,,
9/10/25,GP6C,Leah & Jane,Great Pasture,y,y,,20,50,0,,,,0,50,0,0,30,5,40,0,105,,,,,,,,,,,,,,,,,,30,,
9/8/25,Drainage Wet,Jane,Drainage Lot South,y,y,,1,90,0,,5,0,0,90,0,80,5,0,0,0,24,0,,,,,,,,,,,,,,,,,,,
9/8/25,Drainage Wet,Jane,Drainage Lot South,y,y,,2,100,0,,2,0,0,25,0,0,15,0,0,0,68,0,,,,,,,,,,,,,,,,,,,
9/8/25,Drainage Wet,Jane,Drainage Lot South,y,y,,3,70,0,,30,0,0,1,0,0,0,0,0,0,65,0,,,,,,,,,,,,,,,,,,,
9/8/25,Drainage Wet,Jane,Drainage Lot South,y,y,,4,30,30,,20,0,0,0,0,0,0,5,20,0,60,0,,,,,,,,,,,,,,,,,,,
9/8/25,Drainage Wet,Jane,Drainage Lot South,y,y,,5,50,0,,75,0,15,80,0,0,60,0,0,0,55,15,,,,,,,,,,,,,,,,,,,
9/8/25,Drainage Wet,Jane,Drainage Lot South,y,y,,6,100,100,,0,0,0,0,0,0,0,0,25,0,65,0,,,,,,,,,,,,,,,,,,,
9/8/25,Drainage Wet,Jane,Drainage Lot South,y,y,,7,70,0,,50,0,0,15,0,0,3,0,0,0,84,0,,,,,,,,,,,,,,,,,,,
9/8/25,Drainage Wet,Jane,Drainage Lot South,y,y,,8,100,0,,50,0,0,3,0,3,0,0,0,0,40,0,,,,,,,,,,,,,,,,,,,
9/8/25,Drainage Wet,Jane,Drainage Lot South,y,y,,9,90,70,,25,0,0,0,0,0,0,0,0,0,47,0,,,,,,,,,,,,,,,,,,,
9/8/25,Drainage Wet,Jane,Drainage Lot South,y,y,,10,90,50,,20,10,0,0,0,0,0,0,20,0,70,0,,,,,,,,,,,,,,,,,,,
9/8/25,Drainage Wet,Jane,Drainage Lot South,y,y,,11,100,100,,0,0,0,10,0,0,10,0,0,0,57,0,,,,,,,,,,,,,,,,,,,
9/8/25,Drainage Wet,Jane,Drainage Lot South,y,y,,12,60,0,,40,0,35,50,0,5,45,0,1,0,110,30,,,,,,,,,,,,,,,,,,,
9/8/25,Drainage Wet,Jane,Drainage Lot South,y,y,,13,90,0,,0,0,15,30,0,8,1,0,0,0,75,15,,,,,,,,,,,,,,,,,,,
9/8/25,Drainage Wet,Jane,Drainage Lot South,y,y,,14,90,0,,2,2,0,50,0,5,5,0,0,0,50,0,,,,,,,,,,,,,,,,,,,
9/8/25,Drainage Wet,Jane,Drainage Lot South,y,y,,15,95,50,,0,0,0,2,0,2,0,0,0,0,90,0,,,,,,,,,,,,,,,,,,,
9/8/25,Drainage Wet,Jane,Drainage Lot South,y,y,,16,50,0,,50,0,0,60,0,5,15,0,0,0,64,0,,,,,,,,,,,,,,,,,,,
9/8/25,Drainage Wet,Jane,Drainage Lot South,y,y,,17,95,70,,10,0,0,3,0,0,3,0,5,0,110,0,,,,,,,,,,,,,,,,,,,
9/8/25,Drainage Wet,Jane,Drainage Lot South,y,y,,18,85,20,,10,0,0,20,20,0,0,0,25,0,50,0,,,,,,,,,,,,,,,,,,,
9/8/25,Drainage Wet,Jane,Drainage Lot South,y,y,,19,95,0,,0,0,0,15,0,5,0,0,0,0,80,0,,,,,,,,,,,,,,,,,,,
9/8/25,Drainage Wet,Jane,Drainage Lot South,y,y,,20,95,0,,0,0,0,0,0,0,0,0,5,0,84,0,,,,,,,,,,,,,,,,,,,
7/23/25,GP5B,Jane,Great Pasture,y,y,,1,80,0,,0,20,0,50,0,10,10,0,25,0,60,,,,,,,,,,,,,,,,,,,,
7/23/25,GP5B,Jane,Great Pasture,y,y,,2,95,0,,0,0,0,50,0,1,40,0,0,0,97,0,,,,,,,,,,,,,,,,,,,
7/23/25,GP5B,Jane,Great Pasture,y,y,,3,90,0,,0,0,40,5,0,1,2,0,2,0,87,0,,,,,,,,,,,,,,,,,,,
7/23/25,GP5B,Jane,Great Pasture,y,y,,4,70,0,,0,20,60,50,0,20,1,0,10,0,110,15,,,,,,,,,,,,,,,,,,,
7/23/25,GP5B,Jane,Great Pasture,y,y,,5,85,0,,0,15,15,80,0,5,35,0,0,0,112,15,,,,,,,,,,,,,,,,,,,
7/23/25,GP5B,Jane,Great Pasture,y,y,,6,50,0,,50,2,0,60,0,1,60,0,0,0,66,0,,,,,,,,,,,,,,,,,,,
7/23/25,GP5B,Jane,Great Pasture,y,y,,7,50,0,,50,0,0,50,0,5,45,0,2,0,95,0,,,,,,,,,,,,,,,,,,,
7/23/25,GP5B,Jane,Great Pasture,y,y,,8,40,0,,0,0,3,80,0,30,40,0,10,0,52,3,,,,,,,,,,,,,,,,,,,
7/23/25,GP5B,Jane,Great Pasture,y,y,,9,85,0,,0,0,30,50,0,0,40,0,5,0,80,0,,,,,,,,,,,,,,,,,,,
7/23/25,GP5B,Jane,Great Pasture,y,y,,10,95,0,,0,0,0,30,0,20,15,0,0,0,122,0,,,,,,,,,,,,,,,,,,,
7/23/25,GP5B,Jane,Great Pasture,y,y,,11,100,0,,0,0,0,35,0,30,30,0,0,0,95,0,,,,,,,,,,,,,,,,,,,
7/23/25,GP5B,Jane,Great Pasture,y,y,,12,70,0,,0,0,0,80,0,65,40,0,0,0,63,0,,,,,,,,,,,,,,,,,,,
7/23/25,GP5B,Jane,Great Pasture,y,y,,13,95,0,,20,2,0,30,15,1,0,0,0,0,90,0,,,,,,,,,,,,,,,,,,,
7/23/25,GP5B,Jane,Great Pasture,y,y,,14,90,0,,5,0,30,50,0,1,20,0,0,0,110,30,,,,,,,,,,,,,,,,,,,
7/23/25,GP5B,Jane,Great Pasture,y,y,,15,95,20,,0,0,10,25,0,25,10,0,0,0,42,10,,,,,,,,,,,,,,,,,,,
7/23/25,GP5B,Jane,Great Pasture,y,y,,16,95,0,,10,5,0,5,0,5,0,0,20,0,120,0,,,,,,,,,,,,,,,,,,,
7/23/25,GP5B,Jane,Great Pasture,y,y,,17,50,0,,20,20,0,30,0,5,15,5,0,0,105,0,,,,,,,,,,,,,,,,,,,
7/23/25,GP5B,Jane,Great Pasture,y,y,,18,60,0,,10,25,10,85,0,80,40,0,0,0,100,10,,,,,,,,,,,,,,,,,,,
7/23/25,GP5B,Jane,Great Pasture,y,y,,19,75,0,,0,0,0,50,0,20,25,0,25,0,115,0,,,,,,,,,,,,,,,,,,,
7/23/25,GP5B,Jane,Great Pasture,y,y,,20,95,0,,0,0,15,70,0,60,5,0,5,0,110,0,,,,,,,,,,,,,,,,,,,
7/7/25,GP6B,Jane,Great Pasture,y,y,,1,100,0,0,,,0,40,0,5,5,0,0,0,78,,,,,,,,,,,,,,,,,,,,p. Loosestrife damaged by beetles
7/7/25,GP6B,Jane,Great Pasture,y,y,,2,75,0,75,,,0,50,0,0,0,0,15,0,100,,,,,,,,,50,,,,,,,,,,,
7/7/25,GP6B,Jane,Great Pasture,y,y,,3,75,0,35,,,0,0,0,0,0,0,15,0,80,,,,,,,,,0,,,,,,,,,,,
7/7/25,GP6B,Jane,Great Pasture,y,y,,4,40,0,25,,,0,80,0,0,2,0,0,0,90,,,,,,,,,0,,,,,,,,,,,
7/7/25,GP6B,Jane,Great Pasture,y,y,,5,80,0,0,,,0,60,0,0,30,0,15,0,122,,,,,,,,,0,,,,,,,,,,,
7/7/25,GP6B,Jane,Great Pasture,y,y,,6,90,0,6,,,0,40,0,1,10,0,5,0,88,,,,,,,,,0,,,,,,,,,,,
7/7/25,GP6B,Jane,Great Pasture,y,y,,7,30,0,90,,,0,40,0,1,0,0,5,0,104,,,,,,,,,0,,,,,,,,,,,
7/7/25,GP6B,Jane,Great Pasture,y,y,,8,25,0,0,,,0,90,0,5,10,0,0,0,150,,,,,,,,,0,,,,,,,,,,,
7/7/25,GP6B,Jane,Great Pasture,y,y,,9,85,0,10,,,0,40,15,0,1,0,0,0,105,,,,,,,,,0,,,,,,,,,,,
7/7/25,GP6B,Jane,Great Pasture,y,y,,10,60,50,40,,,0,10,5,0,1,0,0,0,158,,,,,,,,,50,,,,,,,,,,,p. Loosestrife damaged by beetles
7/7/25,GP6B,Jane,Great Pasture,y,y,,11,80,80,25,,,0,10,0,0,0,0,25,0,170,,,,,,,,,80,,,,,,,,,,,p. Loosestrife damaged by beetles
7/7/25,GP6B,Jane,Great Pasture,y,y,,12,50,0,20,,,0,65,0,5,5,0,0,0,130,,,,,,,,,0,,,,,,,,,,,
7/7/25,GP6B,Jane,Great Pasture,y,y,,13,50,0,50,,,0,60,0,5,50,0,0,0,100,,,,,,,,,0,,,,,,,,,,,
7/7/25,GP6B,Jane,Great Pasture,y,y,,14,40,0,75,,,0,70,0,25,30,0,0,0,130,,,,,,,,,0,,,,,,,,,,,
7/7/25,GP6B,Jane,Great Pasture,y,y,,15,60,0,60,,,0,75,0,5,10,0,25,0,120,,,,,,,,,0,,,,,,,,,,,
7/7/25,GP6B,Jane,Great Pasture,y,y,,16,70,0,90,,,0,30,0,15,25,0,20,0,133,,,,,,,,,0,,,,,,,,,,,
7/7/25,GP6B,Jane,Great Pasture,y,y,,17,90,0,5,,,0,10,0,1,2,0,5,0,88,,,,,,,,,0,,,,,,,,,,,
6/16/25,Sunset Field,Jane,,N,Y,,1,90,0,,,,0,80,0,75,25,1,0,0,108,,,,,,,,,,,,,,,,,,,,
6/16/25,Sunset Field,Jane,,N,Y,,2,100,0,,,,0,45,0,35,25,0,1,0,73,,,,,,,,,,,,,,,,,,,,
6/16/25,Sunset Field,Jane,,N,Y,,3,90,0,,,,0,40,0,30,20,0,2,0,76,,,,,,,,,,,,,,,,,,,,
6/16/25,Sunset Field,Jane,,N,Y,,4,85,0,,,,0,45,0,40,20,6,2,0,90,,,,,,,,,,,,,,,,,,,,
6/16/25,Sunset Field,Jane,,N,Y,,5,50,0,,,,0,35,0,10,1,1,45,0,107,,,,,,,,,,,,,,,,,,,,
6/16/25,Sunset Field,Jane,,N,Y,,6,95,0,,,,0,50,0,46,30,0,5,0,76,,,,,,,,,,,,,,,,,,,,
6/16/25,Sunset Field,Jane,,N,Y,,7,60,0,,,,0,75,0,70,40,1,5,0,99,,,,,,,,,,,,,,,,,,,,
6/16/25,Sunset Field,Jane,,N,Y,,8,95,0,,,,0,30,0,15,5,1,8,0,92,,,,,,,,,,,,,,,,,,,,
6/16/25,Sunset Field,Jane,,N,Y,,9,45,0,,,,0,80,0,1,1,5,15,0,133,,,,,,,,,,,,,,,,,,,,
6/16/25,Sunset Field,Jane,,N,Y,,10,40,0,,,,0,40,0,10,15,0,50,0,77,,,,,,,,,,,,,,,,,,,,
6/17/25,Playground,Jane,,N,Y,,1,70,0,,,,0,85,0,50,40,15,1,0,70,,,,,,,1,,,,,,,,,,,,,
6/17/25,Playground,Jane,,N,Y,,2,10,0,,,,0,100,0,85,80,0,5,0,70,,,,,,,,,,,,,,,,,,,,
6/17/25,Playground,Jane,,N,Y,,3,60,0,,,,0,90,0,80,80,0,0,0,92,,,,,,,20,,,,,,,,,,,,,
6/17/25,Playground,Jane,,N,Y,,4,90,0,,,,0,80,0,10,25,5,5,0,85,,,,,,,,,,,,,,,,,,,,
6/17/25,Playground,Jane,,N,Y,,5,95,0,,,,0,30,0,25,10,0,5,0,72,,,,,,,,,,,,,,,,,,,,
6/17/25,Playground,Jane,,N,Y,,6,70,0,,,,0,85,0,80,80,30,5,0,90,,,,,,,,,,,,,,,,,,,,
6/17/25,Playground,Jane,,N,Y,,7,50,0,,,,0,75,0,70,75,50,0,0,99,,,,,,,,,,,,,,,,,,,,
6/17/25,Playground,Jane,,N,Y,,8,90,0,,,,0,90,0,70,75,15,5,0,73,,,,,,,,,,,,,,,,,,,,
6/17/25,Playground,Jane,,N,Y,,9,70,0,,,,0,90,0,40,50,25,0,0,72,,,,,,,,,,,,,,,,,,,,
6/17/25,Playground,Jane,,N,Y,,10,95,0,,,,0,60,0,55,30,20,10,0,105,,,,,,,,,,,,,,,,,,,,
6/17/25,Playground,Jane,,N,Y,,11,85,0,,,,0,90,0,0,25,5,25,0,75,,,,,,,,,,,,,,,,,,,,
6/17/25,Playground,Jane,,N,Y,,12,75,0,,,,0,50,0,20,10,25,0,0,74,,,,,,,,,,,,,,,,,,,,
6/17/25,Playground,Jane,,N,Y,,13,90,0,,,,0,15,0,0,5,10,0,0,74,,,,,,,,,,,,,,,,,,,,
6/17/25,Playground,Jane,,N,Y,,14,60,0,,,,0,60,0,15,30,25,5,0,100,,,,,,,,,,,,,,,,,,,,
6/17/25,Playground,Jane,,N,Y,,15,95,0,,,,0,40,0,15,25,0,1,0,72,,,,,,,,,,,,,,,,,,,,
6/17/25,Playground,Jane,,N,Y,,16,95,0,,,,0,75,0,70,15,5,1,0,90,,,,,,,,,,,,,,,,,,,,
6/17/25,Playground,Jane,,N,Y,,17,90,0,,,,0,90,0,85,10,10,5,0,90,,,,,,,,,,,,,,,,,,,,
6/17/25,Playground,Jane,,N,Y,,18,90,0,,,,0,90,0,90,70,5,15,0,90,,,,,,,,,,,,,,,,,,,,
6/17/25,Playground,Jane,,N,Y,,19,85,0,,,,0,85,0,85,10,15,2,0,86,,,,,,,,,,,,,,,,,,,,
6/17/25,Playground,Jane,,N,Y,,20,90,0,,,,0,95,0,90,75,5,0,0,87,,,,,,,,,,,,,,,,,,,,
6/2/25,Lamson North,Jane,,N,Y,,1,85,0,,,,,80,,25,10,0,15,0,130,,,,,,,,,,,,,,,,,,,,
6/2/25,Lamson North,Jane,,N,Y,,2,75,0,,,,,50,,5,5,25,25,0,130,,,,,,,,,,,,,,,,,,,,
6/2/25,Lamson North,Jane,,N,Y,,3,85,0,,,,,10,,5,2,5,25,0,140,,,,,,,,,,,,,,,,,,,,
6/2/25,Lamson North,Jane,,N,Y,,4,90,0,,,,,5,,0,1,5,50,0,112,,,,,,,,,,,,,,,,,,,,
6/2/25,Lamson North,Jane,,N,Y,,5,60,0,,,,,5,,0,1,70,20,0,116,,,,,,,,,,,,,,,,,,,,
6/2/25,Lamson North,Jane,,N,Y,,6,50,0,,,,,60,,5,5,60,30,0,120,,,,,,,,,,,,,,,,,,,,
6/2/25,Lamson North,Jane,,N,Y,,7,75,0,,,,,50,,40,5,30,25,0,117,,,,,,,,,,,,,,,,,,,,
6/2/25,Lamson North,Jane,,N,Y,,8,75,0,,,,,95,,40,5,25,20,0,120,,,,,,,,,,,,,,,,,,,,
6/2/25,Lamson North,Jane,,N,Y,,9,80,0,,,,,60,,25,5,10,30,0,120,,,,,,,,,,,,,,,,,,,,
6/2/25,Lamson North,Jane,,N,Y,,10,85,0,,,,,80,,60,2,15,15,0,107,,,,,,,,,,,,,,,,,,,,
6/2/25,Lamson North,Jane,,N,Y,,11,80,0,,,,,75,,30,10,10,15,0,95,,,,,,,,,,,,,,,,,,,,
6/2/25,Lamson North,Jane,,N,Y,,12,70,0,,,,,10,,2,2,20,20,0,115,,,,,,,,,,,,,,,,,,,,
6/2/25,Lamson North,Jane,,N,Y,,13,85,0,,,,,75,,15,2,10,15,0,74,,,,,,,,,,,,,,,,,,,,
6/2/25,Lamson North,Jane,,N,Y,,14,10,0,,,,,80,,5,2,20,15,0,43,,,,,,,,,,,,,,,,,,,,
6/2/25,Lamson North,Jane,,N,Y,,15,50,0,,,,,40,,10,2,30,15,0,40,,,,,,,,,,,,,,,,,,,,
6/2/25,Lamson North,Jane,,N,Y,,16,50,0,,,,,60,,40,5,5,25,0,100,,,,,,,,,,,,,,,,,,,,
6/2/25,Lamson North,Jane,,N,Y,,17,85,0,,,,,60,,30,5,5,15,0,110,,,,,,,,,,,,,,,,,,,,
6/2/25,Lamson North,Jane,,N,Y,,18,85,0,,,,,50,,40,5,15,20,0,105,,,,,,,,,,,,,,,,,,,,
6/2/25,Lamson North,Jane,,N,Y,,19,90,0,,,,,85,,60,10,15,5,0,86,,,,,,,,,,,,,,,,,,,,
6/2/25,Lamson North,Jane,,N,Y,,20,95,0,,,,,10,,0,2,5,5,0,100,,,,,,,,,,,,,,,,,,,,
6/2/25,Lamson North,Jane,,N,Y,,21,90,0,,,,,90,,60,10,5,5,0,96,,,,,,,,,,,,,,,,,,,,
5/30/25,Drainage Dry,Jane,Drainage Lot South,Y,Y,,1,60,0,0,,,10,90,0,0,90,1,0,0,71,,,,,,,,,,,,,,,,,,,,
5/30/25,Drainage Dry,Jane,Drainage Lot South,Y,Y,,2,30,0,0,,,1,95,0,30,70,0,0,0,85,,,,,,,,,,,,,,,,,,,,
5/30/25,Drainage Dry,Jane,Drainage Lot South,Y,Y,,3,90,0,0,,,0,30,0,20,5,1,40,1,75,,,,,,,,,,,,,,,,,,,,
5/30/25,Drainage Dry,Jane,Drainage Lot South,Y,Y,,4,80,0,0,,,0,10,0,5,1,15,10,1,58,,,,,,,,,,,,,,,,,,,,
5/30/25,Drainage Dry,Jane,Drainage Lot South,Y,Y,,5,95,0,0,,,0,15,0,1,10,0,2,0,70,,,,,,,,,,,,,,,,,,,,
5/30/25,Drainage Dry,Jane,Drainage Lot South,Y,Y,,6,85,0,0,,,0,30,0,15,15,1,15,0,72,,,,,,,,,,,,,,,,,,,,
5/30/25,Drainage Dry,Jane,Drainage Lot South,Y,Y,,7,90,0,75,,,0,60,0,10,30,0,10,0,60,,,,,,,,,,,,,,,,,,,,
5/30/25,Drainage Dry,Jane,Drainage Lot South,Y,Y,,8,90,0,0,,,0,1,0,1,0,0,40,0,55,,,,,,,,,,,,,,,,,,,,
5/30/25,Drainage Dry,Jane,Drainage Lot South,Y,Y,,9,75,0,10,,,0,10,0,3,5,1,60,0,57,,,,,,,,,,,,,,,,,,,,
5/30/25,Drainage Dry,Jane,Drainage Lot South,Y,Y,,10,85,0,0,,,0,25,0,5,1,0,50,0,65,,,,,,,,,,,,,,,,,,,,
5/30/25,Drainage Dry,Jane,Drainage Lot South,Y,Y,,11,80,0,5,,,0,50,0,40,1,1,60,0,62,,,,,,,,,,,,,,,,,,,,
5/30/25,Drainage Dry,Jane,Drainage Lot South,Y,Y,,12,90,0,0,,,0,85,0,85,0,0,40,0,60,,,,,,,,,,,,,,,,,,,,
5/30/25,Drainage Dry,Jane,Drainage Lot South,Y,Y,,13,90,0,0,,,0,80,0,75,1,0,40,0,63,,,,,,,,,,,,,,,,,,,,
5/30/25,Drainage Dry,Jane,Drainage Lot South,Y,Y,,14,95,0,0,,,0,50,0,25,5,0,5,0,55,,,,,,,,,,,,,,,,,,,,
5/30/25,Drainage Dry,Jane,Drainage Lot South,Y,Y,,15,95,0,0,,,1,75,0,50,5,0,10,0,49,,,,,,,,,,,,,,,,,,,,
5/30/25,Drainage Dry,Jane,Drainage Lot South,Y,Y,,16,70,0,85,,,0,30,0,10,1,0,5,0,70,,,,,,,,,,,,,,,,,,,,
5/30/25,Drainage Dry,Jane,Drainage Lot South,Y,Y,,17,85,0,0,,,0,65,0,60,0,0,20,0,50,,,,,,,,,,,,,,,,,,,,
5/30/25,Drainage Dry,Jane,Drainage Lot South,Y,Y,,18,90,0,0,,,0,76,0,75,1,0,10,0,55,,,,,,,,,,,,,,,,,,,,
5/30/25,Drainage Dry,Jane,Drainage Lot South,Y,Y,,19,95,0,0,,,0,25,0,15,10,0,1,0,63,,,,,,,,,,,,,,,,,,,,
5/30/25,Drainage Dry,Jane,Drainage Lot South,Y,Y,,20,75,0,0,,,0,25,0,20,5,25,0,0,90,,,,,,,,,,,,,,,,,,,,
10/1/25,Williams West,Alejandro & Jane,,N,Y,,1,50,0,,,,0,40,0,15,1,10,20,0,38,,,,,,,,,,,,,,,,,,,,
10/1/25,Williams West,Alejandro & Jane,,N,Y,,2,40,0,,,,0,60,0,50,5,5,10,0,38,,,,,,,,,,,,,,,,,,,,
10/1/25,Williams West,Alejandro & Jane,,N,Y,,3,35,0,,,,0,65,0,45,30,5,20,0,44,,,,,,,,,,,,,,,,,,,,
10/1/25,Williams West,Alejandro & Jane,,N,Y,,4,40,0,,,,0,50,0,30,20,10,50,0,52,,,,,,,,,,,,,,,,,,,,
10/1/25,Williams West,Alejandro & Jane,,N,Y,,5,90,30,,,,0,10,0,10,2,5,20,0,58,,,,,,,,,,,,,,,,,,,,
10/1/25,Williams West,Alejandro & Jane,,N,Y,,6,80,10,,,30,0,5,0,0,0,20,40,0,55,,,,,,,,,,,,,,,,,,,,
10/1/25,Williams West,Alejandro & Jane,,N,Y,,7,75,15,,,40,0,10,0,0,0,10,75,0,62,,,,,,,,,,,,,,,,,,,,
10/1/25,Williams West,Alejandro & Jane,,N,Y,,8,80,20,,,,0,20,0,5,5,20,40,0,44,,,,,,,,,,,,,,,,,,,,
10/1/25,Williams West,Alejandro & Jane,,N,Y,,9,90,40,,,,0,10,0,2,0,10,60,0,40,,,,,,,,,,,,,,,,,,,,
10/1/25,Williams West,Alejandro & Jane,,N,Y,,10,75,40,,,5,0,25,0,15,5,5,30,0,51,,,,,,,,,,,,,,,,,,,,
10/1/25,Williams West,Alejandro & Jane,,N,Y,,11,70,50,,,,0,30,0,30,5,10,40,0,33,,,,,,,,,,,,,,,,,,,,
10/1/25,Williams West,Alejandro & Jane,,N,Y,,12,80,60,,,,0,20,0,15,5,5,20,0,40,,,,,,,,,,,,,,,,,,,,
10/1/25,Williams West,Alejandro & Jane,,N,Y,,13,50,20,,,,0,40,0,25,10,10,40,0,40,,,,,,,,,,,,,,,,,,,,
10/1/25,Williams West,Alejandro & Jane,,N,Y,,14,20,10,,,,0,80,0,0,0,25,10,0,45,,,,,,,,,,,,,,,,,,,,
10/1/25,Williams West,Alejandro & Jane,,N,Y,,15,60,40,,,,5,25,0,10,5,10,75,0,54,,,,,,,,,,,,,,,,,,,,
10/1/25,Williams West,Alejandro & Jane,,N,Y,,16,60,0,,,,0,15,0,5,5,15,75,0,35,,,,,,,,,,,,,,,,,,,,
10/1/25,Williams West,Alejandro & Jane,,N,Y,,17,70,10,,,,0,30,0,15,20,5,20,0,50,,,,,,,,,,,,,,,,,,,,
10/1/25,Williams West,Alejandro & Jane,,N,Y,,18,90,20,,,,0,20,0,10,15,0,10,0,59,,,,,,,,,,,,,,,,,,,,
10/1/25,Williams West,Alejandro & Jane,,N,Y,,19,30,15,,,,0,70,0,40,30,10,10,0,56,,,,,,,,,,,,,,,,,,,,
10/1/25,Williams West,Alejandro & Jane,,N,Y,,20,60,10,,,,0,30,0,10,10,20,20,0,40,,,,,,,,,,,,,,,,,,,,
6/2/25,Leo's,Jane,,N,Y,,1,85,0,0,,,,95,0,0,50,25,5,0,113,,,,,,,,,,,,,,,,,,,,
6/2/25,Leo's,Jane,,N,Y,,2,95,0,0,,,,60,0,40,1,10,10,0,98,,,,,,,,,,,,,,,,,,,,
6/2/25,Leo's,Jane,,N,Y,,3,60,0,0,,,,85,0,60,10,15,5,0,100,,,,,,,,,,,,,,,,,,,,
6/2/25,Leo's,Jane,,N,Y,,4,60,0,0,,,,95,1,50,50,10,10,0,106,,,,,,,,,,,,,,,,,,,,
6/2/25,Leo's,Jane,,N,Y,,5,80,0,0,,,,90,0,80,60,5,0,0,125,,,,,,,,,,,,,,,,,,,,
6/2/25,Leo's,Jane,,N,Y,,6,80,0,0,,,,60,0,25,20,10,0,0,123,,,,,,,,,,,,,,,,,,,,
6/2/25,Leo's,Jane,,N,Y,,7,50,0,0,,,,85,0,25,10,15,1,0,104,,,,,,,,,,,,,,,,,,,,
6/2/25,Leo's,Jane,,N,Y,,8,85,0,0,,,,90,0,40,30,5,5,0,108,,,,,,,,,,,,,,,,,,,,
6/2/25,Leo's,Jane,,N,Y,,9,85,0,0,,,,30,0,15,2,10,5,0,98,,,,,,,,,,,,,,,,,,,,
6/2/25,Leo's,Jane,,N,Y,,10,60,0,0,,,,15,0,0,5,15,0,0,105,,,,,,,,,,,,,,,,,,,,
6/2/25,Leo's,Jane,,N,Y,,11,90,0,0,,,,85,0,30,15,5,5,0,122,,,,,,,,,,,,,,,,,,,,
6/2/25,Leo's,Jane,,N,Y,,12,60,0,0,,,,75,0,10,20,30,5,0,125,,,,,,,,,,,,,,,,,,,,
6/2/25,Leo's,Jane,,N,Y,,13,85,0,0,,,,75,0,50,50,5,25,0,115,,,,,,,,,,,,,,,,,,,,
6/2/25,Leo's,Jane,,N,Y,,14,75,0,0,,,,50,0,5,10,50,20,0,122,,,,,,,,,,,,,,,,,,,,
6/2/25,Leo's,Jane,,N,Y,,15,60,0,0,,,,85,0,30,25,15,5,0,109,,,,,,,,,,,,,,,,,,,,
6/2/25,Leo's,Jane,,N,Y,,16,80,0,0,,,,40,0,20,15,5,20,0,115,,,,,,,,,,,,,,,,,,,,
6/2/25,Leo's,Jane,,N,Y,,17,75,0,0,,,,75,0,10,40,0,40,0,96,,,,,,,,,,,,,,,,,,,,
6/2/25,Leo's,Jane,,N,Y,,18,50,0,0,,,,40,0,15,10,1,50,0,125,,,,,,,,,,,,,,,,,,,,
6/2/25,Leo's,Jane,,N,Y,,19,50,0,0,,,,70,0,5,20,10,15,0,101,,,,,,,,,,,,,,,,,,,,
6/2/25,Leo's,Jane,,N,Y,,20,40,0,0,,,,85,0,5,60,20,20,,85,,,,,,,,,,,,,,,,,,,,
9/18/25,Bull,Jane,Steer Barn Meadow,Y,Y,,1,95,0,0,0,0,0,5,0,5,0,0,10,0,55,0,,,,,,,,,,,,,,,,,,,
9/18/25,Bull,Jane,Steer Barn Meadow,Y,Y,,2,100,0,0,0,0,0,2,0,2,0,0,5,0,65,0,,,0,,,,,,,,,,,,,,,,
9/18/25,Bull,Jane,Steer Barn Meadow,Y,Y,,3,75,0,0,0,0,10,60,0,50,0,0,2,0,25,0,,,0,,,,,,,,,,,,,,,,
9/18/25,Bull,Jane,Steer Barn Meadow,Y,Y,,4,70,0,0,0,0,0,40,2,15,0,0,15,0,20,0,,,2,,,,,,,,,,,,,,,,
9/18/25,Bull,Jane,Steer Barn Meadow,Y,Y,,5,100,0,0,0,0,0,5,0,3,0,0,0,0,27,0,,,0,,,,,,,,,,,,,,,,
9/18/25,Bull,Jane,Steer Barn Meadow,Y,Y,,6,95,20,0,0,0,0,1,0,1,0,0,5,0,62,0,,,0,,,,,,,,,,,,,,,,
9/18/25,Bull,Jane,Steer Barn Meadow,Y,Y,,7,90,0,0,0,0,0,25,2,20,0,0,5,0,27,0,,,2,,,3,,,,,,,,,,,,,
9/18/25,Bull,Jane,Steer Barn Meadow,Y,Y,,8,80,25,0,0,0,0,10,1,9,0,0,20,0,55,0,,,1,,,,,,,,,,,,,,,,
9/18/25,Bull,Jane,Steer Barn Meadow,Y,Y,,9,70,0,0,0,0,0,3,0,0,3,0,25,0,55,0,,,0,,,,,,,,,,,,,,,,
9/18/25,Bull,Jane,Steer Barn Meadow,Y,Y,,10,40,0,15,15,0,0,85,0,10,15,0,5,0,60,0,,,0,,,,,,,,,,,,,,,,
9/18/25,Bull,Jane,Steer Barn Meadow,Y,Y,,11,60,0,0,0,0,0,70,0,0,20,0,20,0,35,0,,,0,,,,,,,,,,,,,,,,
9/18/25,Bull,Jane,Steer Barn Meadow,Y,Y,,12,80,0,2,2,0,0,40,2,0,3,0,5,0,40,0,,,2,,,,,,,,,,,,,,,,
9/18/25,Bull,Jane,Steer Barn Meadow,Y,Y,,13,50,0,20,20,0,0,25,5,0,0,0,30,0,30,0,,,5,,,,,,,,,,,,,,,,
9/18/25,Bull,Jane,Steer Barn Meadow,Y,Y,,14,60,0,15,15,0,0,30,10,10,0,0,25,0,25,0,,,10,,,,,,,,,,,,,,,10,
9/18/25,Bull,Jane,Steer Barn Meadow,Y,Y,,15,70,0,0,0,0,0,40,3,10,0,0,20,0,45,0,,,3,,,,,,,,,,,,,,,,
9/18/25,Bull,Jane,Steer Barn Meadow,Y,Y,,16,50,0,50,50,0,0,15,15,0,0,0,20,0,35,0,,,15,,,,,,,,,,,,,,,,
9/18/25,Bull,Jane,Steer Barn Meadow,Y,Y,,17,90,90,0,0,0,0,0,0,0,0,0,10,0,80,0,,,0,,,,,,,,,,,,,,,,
9/18/25,Bull,Jane,Steer Barn Meadow,Y,Y,,18,90,90,0,0,0,0,0,0,0,0,0,10,0,70,0,,,0,,,,,,,,,,,,,,,,
9/18/25,Bull,Jane,Steer Barn Meadow,Y,Y,,19,70,5,40,10,30,0,3,1,2,0,0,5,0,70,0,,,0,,,,,,,,,,,,,,,,
9/18/25,Bull,Jane,Steer Barn Meadow,Y,Y,,20,70,25,20,15,5,0,3,0,2,0,0,30,0,60,0,,,0,,,,,,,,,,,,,,,,
11/6/25,Lower Sunset,Saskia,Sunset Meadow,Y,Y,,1,95,0,,,,0,5,0,0,5,5,20,0,55,,,,,,,,,,,,,,,,,,,,
11/6/25,Lower Sunset,Saskia,Sunset Meadow,Y,Y,,2,70,0,,,,0,30,0,10,20,5,15,0,46,,,,,,,,,,,,,,,,,,,,
11/6/25,Lower Sunset,Saskia,Sunset Meadow,Y,Y,,3,100,50,,,,0,0,0,0,0,0,20,0,34,,,,,,,,,,,,,,,,,,,,
11/6/25,Lower Sunset,Saskia,Sunset Meadow,Y,Y,,4,95,0,,,,0,5,0,0,5,5,10,0,33,,,,,,,,,,,,,,,,,,,,
11/6/25,Lower Sunset,Saskia,Sunset Meadow,Y,Y,,5,85,0,,,,0,15,0,5,10,5,15,0,31,,,,,,,,,,,,,,,,,,,,
11/6/25,Lower Sunset,Saskia,Sunset Meadow,Y,Y,,6,80,0,,,,0,20,0,0,20,10,10,0,39,,,,,,,,,,,,,,,,,,,,
11/6/25,Lower Sunset,Saskia,Sunset Meadow,Y,Y,,7,100,25,,,,0,0,0,0,0,10,0,0,38,,,,,,,,,,,,,,,,,,,,
11/6/25,Lower Sunset,Saskia,Sunset Meadow,Y,Y,,8,70,0,,,,0,30,0,5,25,10,10,0,42,,,,,,,,,,,,,,,,,,,,
11/6/25,Lower Sunset,Saskia,Sunset Meadow,Y,Y,,9,100,5,,,,0,5,0,0,3,0,5,0,31,,,,,,,,,,,,,,,,,,,,
11/6/25,Lower Sunset,Saskia,Sunset Meadow,Y,Y,,10,95,10,,,,0,5,0,0,5,5,5,0,26,,,,,,,,,,,,,,,,,,,,
11/6/25,Lower Sunset,Saskia,Sunset Meadow,Y,Y,,11,90,30,,,,0,15,0,7,8,0,0,0,27,,,,,,,,,,,,,,,,,,,,
11/6/25,Lower Sunset,Saskia,Sunset Meadow,Y,Y,,12,95,20,,,,0,5,0,0,5,5,10,0,24,,,,,,,,,,,,,,,,,,,,
11/6/25,Lower Sunset,Saskia,Sunset Meadow,Y,Y,,13,85,0,,,,0,15,0,10,5,0,20,0,20,,,,,,,,,,,,,,,,,,,,
11/6/25,Lower Sunset,Saskia,Sunset Meadow,Y,Y,,14,85,0,,,,0,15,0,10,5,0,10,0,27,,,,,,,,,,,,,,,,,,,,
11/6/25,Lower Sunset,Saskia,Sunset Meadow,Y,Y,,15,90,0,,,,0,60,0,5,55,5,15,0,27,,,,,,,,,,,,,,,,,,,,
11/6/25,Lower Sunset,Saskia,Sunset Meadow,Y,Y,,16,40,10,,,,5,55,0,10,45,10,10,0,34,,,,,,,,,,,,,,,,,,,,
11/6/25,Lower Sunset,Saskia,Sunset Meadow,Y,Y,,17,50,5,,,,0,50,0,10,40,10,20,0,27,,,,,,,,,,,,,,,,,,,,
11/6/25,Lower Sunset,Saskia,Sunset Meadow,Y,Y,,18,20,0,,,,0,80,0,5,75,10,5,0,17,,,,,,,,,,,,,,,,,,,,
11/6/25,Lower Sunset,Saskia,Sunset Meadow,Y,Y,,19,30,0,,,,0,70,0,50,20,0,10,0,31,,,,,,,,,,,,,,,,,,,,
11/6/25,Lower Sunset,Saskia,Sunset Meadow,Y,Y,,20,40,0,,,,0,60,0,45,15,10,10,0,34,,,,,,,,,,,,,,,,,,,,